Id,Cover_Type
4429,4
12400,4
4648,4
5954,4
2947,3
9253,1
3472,4
3079,7
10572,1
11892,7
10170,7
3031,3
11433,1
4604,4
1570,2
13589,3
1862,7
5119,6
13437,4
11007,3
3993,4
14036,7
15024,3
32,5
13551,1
34,5
9934,1
1993,5
8253,3
10140,1
11996,3
12472,4
13443,2
14427,1
644,2
2761,6
4302,4
9794,2
14531,7
5626,4
9910,1
12195,3
4805,6
5898,6
10387,7
3832,4
12752,6
2437,5
8199,1
14167,3
3804,4
12193,4
13512,5
1524,5
6972,1
5983,6
1668,7
14879,2
9133,1
2504,3
6473,1
3214,4
6379,6
3559,4
4753,4
341,2
6880,1
4245,4
6630,2
8101,5
3177,3
10058,5
12252,4
13926,5
13842,1
8967,1
14178,5
5304,4
6317,5
5610,3
7640,3
8058,1
13219,6
9343,7
11437,1
10847,3
4947,4
9099,2
12359,4
10724,6
14814,7
9109,1
13574,5
155,2
13267,7
273,2
3000,4
846,1
676,2
8461,3
3862,4
10363,1
6107,6
5668,4
7151,7
6738,5
1979,2
921,5
13920,7
504,2
9162,1
1458,2
490,1
13297,7
5773,6
3145,1
1973,2
12459,4
8167,6
11345,5
578,2
2977,4
7545,3
14574,7
1192,5
5167,5
8489,1
1173,5
14371,1
13627,5
10442,7
9563,7
6699,5
8351,5
3497,4
8591,5
1477,2
12480,4
10670,6
7085,6
11640,2
14472,7
11858,2
1984,5
777,1
8483,1
1582,5
10691,6
10727,6
11503,2
8482,1
4042,4
4702,3
10698,1
5565,3
3676,3
6801,3
13651,7
9105,1
5799,6
6086,6
2385,6
4673,5
13473,5
11970,3
10347,1
6021,1
11066,6
2510,5
11217,3
4700,3
3160,4
9833,7
4145,4
4440,4
11576,2
13906,3
2338,4
5756,3
4485,4
11413,2
10325,7
11281,6
4003,4
13537,5
12942,6
12284,5
13022,6
8711,2
6983,7
11530,2
11131,3
8791,6
468,2
9580,2
6578,7
3649,4
12203,5
13764,3
11968,1
2874,3
7909,7
10486,7
12742,2
12545,4
453,2
9827,1
2820,6
11163,3
12962,5
5473,4
853,2
12489,4
1818,2
7738,6
1671,5
2229,4
2007,6
9956,1
9707,2
9560,7
4173,4
3062,2
8414,5
5584,7
12605,6
4893,4
6286,6
14297,1
14635,7
7281,1
4709,6
12070,4
3224,5
10083,1
13668,5
2394,5
8741,5
13260,4
5850,3
14505,1
12315,4
12372,6
10597,2
1596,5
9171,7
7592,6
13710,6
8136,6
13804,5
10445,7
4503,6
1275,1
1419,1
4909,6
6434,2
12734,4
9279,7
951,2
12692,3
7038,7
11334,3
4098,4
9079,2
4222,4
3999,4
11690,2
11826,5
12099,2
2918,1
3198,3
4584,3
13014,3
4638,3
1097,1
11442,2
522,1
975,5
11397,2
1749,7
3369,4
4640,3
1598,5
3049,3
9155,7
1359,1
5335,4
215,2
3715,4
12686,3
10315,7
11943,5
620,2
9867,7
953,5
7238,3
2552,6
2201,4
4215,3
281,2
12194,3
5269,3
9738,2
398,5
5774,6
9309,1
520,2
6851,2
7119,1
3486,4
9620,7
9431,1
14312,1
4189,4
1392,1
11844,5
6601,2
9977,7
6146,2
8676,5
1688,1
3094,4
12618,3
4130,4
6278,6
2697,3
1742,5
576,2
2908,3
6302,4
9806,1
5958,4
8723,6
14820,1
5529,7
12890,4
6227,6
4728,4
11353,5
1639,2
10822,3
5063,4
11615,1
5751,4
10884,3
642,5
12877,6
13073,6
5585,3
7436,3
11814,5
10190,1
13476,2
326,2
7184,5
5548,6
14055,1
8070,5
4116,5
5859,7
8980,1
7405,5
14199,2
7069,5
655,1
12036,5
8219,5
221,2
11106,6
3796,4
10455,7
6989,5
14977,3
12723,4
6778,5
7023,7
4727,3
9783,7
1986,6
7220,1
14544,1
13902,7
12629,4
13568,3
10619,2
7135,5
9237,7
10779,3
12960,2
11833,1
4411,3
12778,3
2091,4
11861,2
14959,6
8920,1
4788,4
10064,7
3865,4
5942,6
11485,5
12556,5
11748,5
2760,2
10451,1
4952,4
11311,6
11874,5
13048,3
12027,6
5192,4
4675,4
11730,2
4020,4
5772,6
12165,6
9564,2
14561,7
9706,2
5048,3
2360,3
5477,4
13294,3
143,2
9584,2
14492,7
6481,2
12087,2
14603,1
3975,6
9054,7
14870,6
12994,4
13758,3
8254,3
6110,4
12326,4
14359,7
10834,6
13993,7
14458,7
6106,6
13223,2
4701,4
7706,7
9533,7
3026,4
3024,3
10187,2
13367,6
14616,7
6322,6
792,2
168,2
487,2
12105,6
12167,5
10231,1
9933,1
8895,1
6456,1
14382,1
7976,7
4023,6
9136,1
7676,7
11428,2
12876,4
6734,5
3036,4
3052,3
4644,4
12463,4
1348,5
889,5
8532,5
1525,1
15091,3
4688,4
9183,7
1554,1
11902,5
6935,7
12258,6
8172,3
2090,6
5074,3
19,5
3586,4
12374,4
14902,6
6265,6
9579,2
11373,2
1472,5
14420,7
928,2
7215,7
6494,6
13397,6
1002,1
5809,1
8176,6
14551,7
46,5
1970,1
12895,4
2573,6
12924,3
13192,6
1036,1
13836,7
2916,3
3661,4
13156,6
432,2
8504,1
13020,4
14132,5
6754,3
4085,3
2750,6
6367,6
11256,6
12898,4
13598,5
13252,3
7473,2
5014,3
6369,3
562,2
12232,4
5925,6
1251,1
2418,5
1521,1
2628,4
5624,6
14083,6
3636,5
279,2
13256,3
12393,4
2106,6
12375,4
9612,7
6004,6
12533,4
400,2
7908,7
9049,2
6678,3
7420,7
4704,4
1920,6
8784,1
13630,3
3933,3
9093,7
9835,7
6112,6
9259,7
10821,3
14469,1
2703,6
13377,6
5069,4
10610,7
8675,1
1496,5
14567,2
3295,4
1587,1
5482,4
13848,6
2093,3
1181,1
9110,1
13558,5
11044,3
3018,6
1125,2
13893,2
10327,7
13901,1
8586,1
11545,5
1944,2
8002,5
10309,7
7305,1
1871,3
14381,1
9015,1
9487,7
11693,2
12780,3
3100,4
1461,1
8314,6
10665,6
5108,4
5558,7
8702,5
7295,7
3601,4
8174,6
8877,5
2586,5
2981,4
14811,7
9818,1
548,2
6061,6
1284,5
13679,1
7754,7
12066,5
5054,3
14585,2
11075,6
7766,2
2177,3
10613,1
9976,7
11265,6
12918,4
713,2
14205,5
14753,7
10640,3
7484,3
788,1
4809,4
122,2
13604,3
5456,6
2119,5
1400,5
14177,7
9076,7
9677,7
13828,3
12522,4
1088,2
10551,7
6285,6
8100,2
12160,5
6842,2
13000,6
14179,2
4631,4
13391,3
8922,2
1928,6
7277,3
9280,7
13480,5
12357,3
4598,4
9981,1
7959,2
720,2
1641,1
7334,6
5156,6
489,1
10409,7
11691,1
4431,4
1137,2
2659,5
13609,7
14379,7
4256,4
1218,2
14514,1
11237,6
9565,2
11405,1
222,2
11446,2
5091,3
2529,6
5212,6
6489,1
8602,5
5382,6
10914,3
1847,5
10671,6
10412,7
7547,3
776,1
6259,6
95,2
9581,2
8632,1
6857,7
14391,7
5863,1
11911,5
11785,1
4658,3
7311,7
10953,3
11720,2
500,1
12891,4
12761,3
4112,3
7746,7
2687,6
13301,4
14374,7
6497,7
621,2
9473,7
13570,5
7890,7
579,2
12624,4
6477,5
4248,4
4430,3
8739,2
6023,1
4110,6
5207,4
1079,1
14487,7
11869,1
11900,1
8404,5
1019,1
3781,6
7353,3
9965,1
11596,2
3019,2
9399,7
11443,2
3126,4
11204,3
1353,5
15120,3
7736,6
3443,3
9660,7
5902,4
3885,4
13175,4
11599,2
4115,1
5992,4
10063,7
14935,6
7816,7
7187,3
4502,6
425,5
6537,5
9342,1
10872,3
5760,2
13590,5
11612,2
12063,7
10046,7
14303,7
1827,2
467,1
10883,6
5287,6
10566,2
4520,5
3841,4
10333,2
6049,3
14785,1
11375,2
11765,5
1953,7
3853,1
2031,7
8435,5
3587,7
6163,6
1790,7
7466,6
10767,6
3960,4
13971,7
3286,4
8720,5
3033,4
5003,3
12274,6
875,5
4783,4
8211,1
11825,2
4289,4
3748,6
3642,3
13716,2
13511,2
6042,1
2626,4
5982,6
14692,1
10487,7
5064,4
1114,2
11920,7
8729,2
10521,7
5962,4
12526,6
12930,6
12712,3
13064,4
6711,7
4735,4
2446,6
6975,5
6046,6
336,1
4609,3
8378,5
14604,1
12504,4
4756,6
809,2
7158,5
664,2
1270,5
10973,3
10317,1
3489,5
231,2
13212,2
11338,3
4158,4
14242,5
14136,5
3776,6
9329,7
5106,4
10865,3
10496,7
5011,6
14316,1
11110,3
8884,1
3680,4
7005,5
537,2
160,2
13682,1
14347,7
309,2
313,2
8337,2
2467,5
10423,7
12551,4
1744,5
13339,1
13184,6
1374,2
1983,3
10286,7
8735,6
9376,7
8966,1
7498,6
5292,5
6405,5
9781,7
6260,6
8140,1
15107,3
4814,3
9940,7
3266,3
3147,2
11041,3
13255,3
2061,5
7682,6
1752,2
11441,1
14795,7
10124,1
11080,6
5635,1
5339,4
844,2
3764,3
4665,4
5357,6
3261,4
1130,1
321,2
1876,3
8299,6
606,1
3619,4
322,2
6479,1
8165,6
9151,7
4068,2
10023,7
9519,2
5316,6
11165,6
3359,4
8104,3
7876,6
11377,2
2920,5
12408,4
10669,6
7505,7
4160,3
12937,4
4292,4
9246,1
11019,6
7045,5
6865,3
175,1
9930,1
8758,7
13643,1
2501,6
12636,4
12749,4
7551,6
6607,2
1272,1
11617,1
5926,7
13718,5
7855,7
2085,7
8024,2
9908,7
7970,2
2077,2
2778,6
13516,6
1380,5
7242,6
135,2
11480,5
1232,5
3596,3
1985,6
9096,7
13870,6
12126,4
12508,4
2870,6
14619,7
11842,1
1544,5
3992,4
394,5
7512,7
11813,1
13205,4
11347,5
10645,1
9606,7
6650,5
764,2
6460,2
11048,6
1670,2
13370,6
2262,6
7287,2
14285,5
3270,3
13471,6
6502,1
7571,7
5821,6
3360,4
629,5
3639,5
5671,3
3637,5
6279,4
13757,1
3076,4
11051,3
7050,3
202,1
11398,1
7668,7
2516,3
2193,6
829,2
7406,5
6318,6
4270,5
9089,1
6412,6
1469,2
7801,7
10006,7
11740,5
10946,6
6148,4
9637,2
9215,7
7540,5
45,2
13,2
8581,1
8203,2
12957,6
11232,3
9950,1
4751,6
12874,4
2466,5
14990,3
1070,1
1104,1
460,1
10514,7
1786,5
13695,1
11025,6
1819,3
127,2
12869,4
4938,4
8007,7
197,1
7565,3
5896,4
5184,4
9607,7
407,1
3524,3
11253,6
2731,1
4742,3
13573,3
14633,1
14897,6
7570,5
15051,3
8395,7
1188,1
5019,3
14107,5
14663,1
13529,1
13943,7
7454,6
1795,5
8500,1
14533,7
6763,2
9771,7
3127,4
1604,1
2289,6
7802,7
14270,1
10128,7
4331,3
11029,3
10863,3
49,5
14630,7
3922,4
8680,6
8513,5
314,2
14608,2
9525,7
7090,5
4861,2
9618,1
89,2
8538,5
9042,7
2228,3
12560,3
13418,6
580,2
8926,1
2536,6
10892,3
3193,3
13065,4
4139,4
4603,4
11651,2
8771,1
2953,5
8928,7
1916,1
10763,6
1535,5
6531,5
3300,4
8106,6
10712,3
10383,7
4916,7
10853,3
5588,6
14731,2
3149,5
14650,1
1393,2
12000,6
6138,6
5386,6
3475,4
3148,6
9314,7
13931,2
12382,3
9942,1
10539,1
9726,1
3755,4
3573,4
5276,6
4064,7
3630,4
207,1
13033,4
1022,1
1335,1
2520,6
4928,4
7298,5
4274,5
2194,6
14067,2
2642,6
12176,5
2876,5
11002,3
7888,7
3769,4
2273,6
5272,3
8692,5
13536,5
7055,3
12432,2
12125,6
7968,5
10871,3
12140,3
2779,6
6297,6
11133,3
6019,6
6902,2
14712,2
7986,3
1845,2
3750,6
12392,4
13775,7
14618,7
11371,2
10110,7
6368,6
1542,5
11427,2
4481,4
4344,4
12788,3
5829,6
5912,3
1481,1
9885,1
11185,3
12041,6
6987,5
450,2
11308,6
8511,5
11361,5
11201,3
5475,6
4611,4
2292,3
11228,3
13737,5
7310,7
8765,6
7897,6
10235,7
14484,2
8336,1
5429,2
5158,6
2806,4
14815,7
6708,3
6063,3
12811,3
8227,3
7895,3
2644,6
11354,5
8000,6
1095,1
9587,7
11712,1
2976,3
1092,2
13095,6
14418,7
2850,3
6867,7
10793,6
11323,3
9432,1
2311,2
1555,5
13532,2
3751,5
5286,6
8476,5
10175,7
6029,6
1922,3
10151,1
1378,5
6555,1
4547,4
12389,4
10867,3
13916,7
4056,4
14184,1
12925,3
14155,3
7282,1
1426,1
8879,1
12786,4
5245,1
10209,2
3825,4
8413,5
147,1
2044,7
10726,6
10574,2
14093,1
1846,5
665,2
6105,4
8297,5
11116,3
9278,1
12645,4
1895,6
5971,6
8985,1
11827,1
13917,5
13541,5
12750,4
6822,1
3924,6
12227,5
8347,1
6554,3
10377,7
4774,6
11276,6
5215,4
11497,2
2477,3
2677,4
8907,1
9968,7
2445,2
640,5
7328,7
9000,1
950,2
2401,6
7260,3
9045,1
13769,1
7564,6
4838,3
5643,4
11132,3
10547,2
2120,1
1146,1
2096,7
4596,4
10580,2
4255,4
14602,1
5740,3
2281,5
14966,3
15012,3
10516,7
1151,1
3991,4
8595,6
10737,2
14502,7
13699,6
12716,4
2670,4
5125,3
10567,2
2328,5
9405,7
14187,2
8523,3
5566,3
14914,2
170,1
13099,7
726,2
2331,5
8188,6
11474,2
13191,6
14513,1
6656,1
11316,3
7815,7
7155,1
557,2
372,2
4210,5
4212,5
14622,7
14216,5
8218,2
4437,4
5707,3
15044,6
3674,4
7537,7
3883,3
14954,3
8816,2
3215,4
13873,5
5980,6
6804,3
5669,4
10660,2
4912,6
8955,1
2713,5
769,1
8352,5
11129,3
8423,2
4803,6
3370,4
10191,7
6826,5
6833,1
13887,6
12360,4
12168,5
3375,4
13576,3
7868,7
11838,1
14339,2
13784,3
2086,5
11542,5
7058,7
13962,1
10086,1
10684,6
1584,2
4624,4
6586,5
11459,1
12555,5
11082,3
7286,1
1652,5
13565,1
13585,1
6740,3
9590,2
9220,7
5037,6
12267,6
12541,5
8169,5
12657,4
2608,3
10382,1
1646,2
11916,7
5165,2
2814,3
11011,3
5690,1
542,2
3602,4
10604,1
993,2
13666,7
14446,7
599,5
14195,6
4656,4
11456,1
666,1
380,2
13975,7
13925,7
1262,5
7176,1
7610,7
4241,4
15019,3
3672,4
5077,6
3029,3
11997,7
14794,7
7100,5
188,2
652,2
6673,5
6190,3
4842,4
13858,7
11707,1
10910,3
2285,2
7331,5
13347,6
10755,6
4025,5
14402,7
182,2
14749,1
14710,2
4231,3
6324,6
4958,4
12705,1
6824,5
8762,5
8541,1
14368,7
3966,4
1268,5
13851,6
5748,4
1234,5
9633,7
4743,3
7710,2
7856,7
6758,1
1463,5
2537,6
7944,5
12882,3
5399,4
2577,6
8417,7
7051,5
9406,7
9425,1
2518,3
13129,4
2202,6
3184,5
7805,6
5476,6
9635,7
7946,1
7170,2
7077,5
13394,4
6941,3
11928,2
10368,1
11675,1
11071,6
4968,4
5578,6
7810,1
5194,6
10664,6
6087,6
3065,3
510,2
14087,7
2620,4
13345,3
13186,3
477,2
3011,7
5496,6
10341,1
1003,1
3368,4
5255,4
14615,7
11581,2
6849,1
2386,5
1784,7
8029,7
9313,7
3473,4
123,2
12509,5
9627,7
458,2
2248,3
305,1
11570,5
14645,1
3003,3
1776,5
6838,3
14430,7
13289,4
5032,4
6123,6
824,2
12448,4
7686,6
9657,1
2792,3
635,1
3568,4
13359,6
734,2
266,1
12497,1
15079,3
11603,2
492,2
9159,7
1364,5
15077,3
4425,5
15083,3
6169,3
2884,3
9948,5
9770,7
134,2
1428,5
10424,2
5468,3
13844,7
10460,1
13446,5
7095,3
7351,3
12851,3
13403,6
7006,5
1083,2
9929,2
13447,6
5579,4
14611,1
10780,6
4310,3
455,2
3346,7
158,2
4966,3
1305,5
14288,1
1282,1
3915,4
4392,3
3720,3
1765,5
17,5
9931,7
2492,5
6390,6
7458,5
609,1
9157,7
15014,6
9180,1
14287,1
3917,4
3890,2
14659,7
3783,5
3726,4
12906,4
2441,5
2123,6
9802,7
14670,1
2005,5
381,2
9649,7
1061,2
2352,5
5243,7
10777,6
6457,1
3320,5
8906,1
14017,6
12236,5
7387,7
1358,5
367,1
7118,7
7413,2
2561,6
2003,7
11642,5
38,5
1648,5
7369,7
9103,7
931,5
1257,5
15066,3
12261,4
1568,1
9106,7
12832,3
7475,2
2618,4
10,5
6626,3
246,2
527,2
6271,3
10391,1
11445,1
4692,4
1989,4
12290,2
5864,2
4463,4
12622,3
2631,6
11585,2
13869,6
12747,4
14647,1
13110,6
14946,3
8969,1
6557,2
9797,7
6447,3
12102,3
1236,5
12544,4
1205,5
1747,7
13763,3
8380,5
12861,4
8657,6
7315,2
13408,6
11592,2
12251,6
2688,6
12513,4
12554,5
9212,7
12445,4
224,2
12185,5
12697,4
2861,3
2008,6
6542,1
12128,6
10915,3
12986,1
7488,5
8755,6
1728,7
10226,1
12799,4
3873,3
5034,6
7456,3
7934,5
2840,1
13864,3
7285,7
10019,5
13122,3
2570,6
5965,6
7443,1
4935,4
761,2
2607,6
10657,1
5883,6
12634,4
2215,6
8208,1
2032,7
12867,4
12915,3
2268,3
5334,4
3158,4
11402,2
14797,7
15108,3
1309,5
2142,6
12019,6
9002,1
10038,7
3268,3
3971,4
2526,5
5657,7
11463,2
3785,5
12347,4
11176,6
9046,7
9959,1
8750,5
5417,4
9024,2
4712,7
11037,2
717,2
13789,3
8562,5
10422,7
2818,6
2474,6
11705,2
14345,7
2842,6
10951,3
9057,1
14510,7
1293,5
5113,4
13029,4
5342,4
3540,5
13497,6
12271,2
9123,7
5652,4
7521,7
1949,3
9786,7
11786,1
7619,3
641,5
9576,7
2242,6
9817,1
10440,2
13498,2
6803,3
1500,1
11471,5
4065,1
11839,2
12475,4
2344,6
4579,3
10674,6
10562,1
6017,6
177,2
1438,1
12361,4
2144,4
11879,2
8848,5
12409,4
6572,7
14673,7
4900,4
5161,6
9943,1
3682,7
8308,7
8790,6
8835,1
3319,6
10398,7
8237,6
13462,5
1762,7
3640,3
8307,7
14499,7
6784,2
6934,7
773,2
7990,7
7447,7
2398,5
1934,7
5102,4
2129,4
259,2
3342,4
5434,6
2819,6
11936,1
5176,6
6099,3
7627,5
14885,2
4324,5
8168,5
6316,5
1564,5
10372,1
13731,7
11227,3
11670,2
4090,4
1202,5
3874,3
3668,4
14086,1
4493,4
2730,5
5253,3
12223,3
13093,3
6968,6
13067,4
14637,1
11692,1
14789,7
10493,7
8480,6
12331,1
2412,5
8827,2
12106,5
5486,6
3056,4
10007,1
8647,1
5195,6
6179,6
5732,6
13696,5
13406,6
3481,4
6965,5
555,2
13134,6
15082,6
3337,4
4351,4
3292,4
12820,5
12094,6
11181,6
5828,4
8125,7
4566,6
5718,3
10358,7
12875,4
7768,6
13051,4
11558,1
12691,3
1659,5
13321,6
977,2
6693,1
12178,4
2407,6
10685,2
8164,6
3345,3
12247,3
8649,5
12530,3
4092,4
11291,6
833,1
7712,2
3731,4
9204,7
11362,2
3537,5
14010,5
14222,1
14867,2
4146,4
1857,2
6748,3
10251,7
7622,6
6887,7
4629,2
2366,5
13047,3
611,5
12457,4
8383,3
6765,7
12608,4
2050,6
14323,1
13035,4
12107,5
9559,7
14868,2
8053,1
3009,6
5537,4
9945,2
14256,6
6216,6
5656,3
6766,2
13101,1
3133,4
8912,5
8542,1
6013,6
14213,2
7858,7
11552,5
14798,7
11666,2
8665,1
496,2
3710,3
8377,5
14961,3
14053,6
11550,2
2163,4
6940,5
8695,6
14463,7
14123,1
8123,6
4030,4
7136,5
14343,7
1454,1
8627,1
3267,3
5924,6
6377,5
9902,7
2460,6
6343,6
14927,6
13559,5
9904,2
2403,3
2747,3
9848,1
8261,1
8494,5
3745,3
1071,1
10804,3
8853,5
6512,5
12667,3
120,1
6675,5
13250,6
9476,7
9130,2
13456,5
1388,5
5894,6
9744,2
6598,2
4195,4
11841,1
3379,4
4415,6
5970,6
11935,1
9958,5
9311,7
14021,7
11099,6
14387,7
344,2
14769,7
14625,1
12999,6
12439,4
8725,1
12485,3
14349,1
13025,3
4605,4
189,2
3909,4
14598,7
13360,6
10507,7
9453,7
7106,5
11898,5
9100,7
4891,3
1495,2
14324,1
14771,1
8708,1
3866,4
7160,3
7480,6
3284,4
13323,3
12085,6
4526,4
7716,6
12501,4
3495,3
13194,6
12703,4
6644,1
4389,4
5878,4
9545,7
12729,4
10944,3
4250,3
12771,6
3389,4
5279,4
14240,5
8142,7
7132,7
7032,5
9740,1
10115,7
15093,3
1655,7
10590,2
5460,6
5591,3
10318,1
1239,2
3080,1
7075,5
14632,7
13318,6
6293,6
11214,3
10062,1
10056,1
1271,5
3159,4
7237,3
3381,4
10146,1
5307,4
14810,7
12933,6
723,2
14126,1
14344,1
7293,2
6347,2
12633,4
12482,2
12244,6
13582,1
1912,3
4833,4
6634,5
14716,1
12870,4
9615,7
2554,4
2691,3
7723,5
9756,1
11250,3
13981,7
12834,6
7060,7
1962,7
2261,6
4708,6
8829,7
10262,1
13653,2
10261,1
5035,4
14908,6
165,1
11521,2
7303,1
12860,4
2396,5
9583,7
6175,4
2088,6
4862,5
2862,4
4337,4
7893,2
7623,6
10167,1
10294,1
297,2
12325,5
10316,2
4496,4
8229,2
11173,3
7689,7
13907,7
13081,4
926,2
6261,4
1298,1
6882,2
7535,7
3976,3
6025,4
333,2
7113,3
14408,7
8075,1
3089,4
104,1
4652,4
9963,5
9508,7
8023,5
5407,4
11744,5
1797,1
12853,4
7679,6
3477,4
6620,2
12868,3
4037,3
7942,5
4221,3
3994,4
12312,1
7519,7
14186,7
11751,1
11829,5
12198,5
7761,1
9729,7
11272,6
1122,1
139,2
5783,2
254,2
1581,5
4004,4
14151,5
6410,6
4778,3
3285,3
714,2
6760,5
4027,4
10288,1
12293,5
1237,1
10791,6
1425,5
13281,6
9689,2
13457,5
9050,2
6775,2
13667,2
12830,3
9018,2
1815,5
6126,6
2253,6
1629,2
3900,4
11634,2
7061,2
3278,5
12650,6
7337,3
9889,7
11039,6
4902,4
7162,3
13111,4
13831,6
5211,6
12816,6
1157,1
6757,1
6059,6
2455,3
4137,3
8158,7
1873,3
9575,2
3881,3
9126,1
7542,7
13507,5
14559,7
11650,5
3461,4
10225,1
14314,7
3282,3
5949,6
5754,6
8475,5
6323,6
9530,2
8524,6
11095,6
13275,5
1283,1
5229,4
566,2
7603,7
1754,5
10224,1
11714,1
14389,1
4412,4
3077,3
5705,6
3162,4
357,2
14054,6
14201,6
14277,5
403,2
9760,1
4312,4
10747,3
7419,7
7081,3
14467,1
10919,3
12137,5
12721,4
8315,3
9288,7
9316,7
9138,2
11408,2
8465,2
7906,7
14957,6
5112,6
4237,4
12095,5
10057,2
12912,3
8300,6
3981,4
7440,3
4568,5
11611,2
2768,7
531,1
13674,7
12276,4
195,2
12672,4
4521,5
880,5
4873,4
13057,4
1820,5
5188,3
6610,3
11435,2
11298,6
2135,1
4662,3
6543,5
5058,4
7347,5
12575,3
12769,4
2832,3
7017,5
14989,3
11139,6
12113,6
14032,7
14260,1
13046,3
8318,1
10005,7
1727,7
3700,4
11159,6
6597,3
6815,3
5665,4
444,1
4625,6
14095,7
6269,6
8183,2
6860,2
4795,6
2092,3
5609,6
14975,6
13253,2
13075,6
5351,6
4369,6
8655,5
7239,3
8712,5
13449,6
3756,3
598,1
672,2
7343,7
9353,1
10808,2
1313,5
7431,7
13119,3
11683,1
14586,1
5319,6
5789,6
15110,6
14130,2
5741,6
12440,4
2183,4
7511,7
3570,4
3734,4
535,2
4677,4
9074,7
9572,7
3852,3
2671,4
5990,6
4856,6
10711,2
11631,2
258,1
399,1
10053,2
10148,7
10071,1
13978,2
11584,5
13096,4
7615,6
13149,4
7389,5
10759,6
12032,3
13613,5
3702,4
8547,5
13934,7
12952,4
1048,2
9598,2
11733,1
2365,5
6682,7
12040,6
14393,7
8644,6
14877,2
11889,2
3412,4
2909,4
13888,6
13661,5
3965,4
13592,6
13231,6
6451,5
15054,6
10448,7
7368,7
13380,6
12540,5
1684,7
10929,6
13132,6
6519,3
7741,7
5317,6
2579,2
6211,6
6919,5
14388,2
12917,4
2574,4
14856,1
753,2
7731,7
3440,3
1096,2
14233,6
11108,6
10809,2
4434,4
14941,3
11187,3
8012,7
5166,5
13268,7
5907,6
3635,2
508,1
4236,4
4637,4
5353,4
11830,1
693,2
10492,7
12597,3
2710,5
4800,4
5711,5
4167,4
9517,1
10171,7
9027,7
8232,5
8919,7
1515,5
3663,4
10155,7
3979,3
9323,1
9312,7
9165,2
3421,4
6299,5
7225,3
9424,7
12248,5
9697,7
12301,5
11636,2
813,1
5130,3
9714,7
7953,7
11016,3
4135,4
11976,3
4399,4
5267,3
10837,2
2784,3
335,2
8091,1
14751,1
7559,1
13494,5
6044,6
8014,3
8668,5
7533,6
13816,3
3351,5
6852,2
10371,1
11710,2
9541,7
2451,3
397,5
11245,3
5593,3
8514,3
11259,6
12538,6
6726,5
8135,6
7827,7
2596,6
7584,6
14008,7
12920,4
1171,5
14206,5
7467,6
4448,4
1121,2
3515,4
4992,4
8717,6
7312,5
13441,2
12611,4
6915,7
14128,1
2022,6
8707,7
8252,2
1616,5
10663,3
2800,2
3383,3
5519,6
13365,3
3808,4
6885,7
6929,2
6890,2
4770,3
10722,6
2866,4
14560,7
5500,6
14740,1
13246,3
1541,2
12772,4
5390,7
11150,3
275,2
10364,1
9398,7
14671,7
126,2
14327,2
10188,2
8108,5
7377,5
2764,4
9626,7
11921,7
633,2
13960,5
14952,3
11953,6
10988,6
5062,4
14049,5
8552,5
5387,7
888,5
5343,4
625,5
5465,5
5660,3
4646,4
11865,1
14272,5
11381,2
2943,4
9970,7
2178,3
1347,1
2165,4
5943,6
8269,7
1510,5
6979,6
8381,5
14112,7
7116,6
12222,4
440,2
10633,5
5179,4
14244,6
8270,3
4901,6
5427,7
4686,4
7322,3
276,2
6925,7
866,5
9021,7
4184,4
9005,1
12568,4
5761,3
5567,3
9504,1
3646,4
5832,3
6440,5
2065,5
13002,5
7137,3
4982,6
7232,7
838,2
2457,6
6339,1
12277,3
14215,1
6114,1
8042,7
10901,6
382,1
13207,6
8177,5
5501,5
6796,6
4535,4
4750,4
1044,2
7740,6
10546,7
2186,3
8635,1
15046,3
11961,6
8248,3
3020,4
7589,1
5568,6
9822,1
9578,7
13299,6
2456,6
10749,2
9893,5
11727,1
4019,4
3684,5
3254,4
956,1
10989,6
5604,6
11622,1
1855,5
7396,7
11620,1
10452,7
3257,4
2154,6
7104,2
9693,7
6521,1
13956,1
9189,1
1830,7
12129,6
12316,3
9004,1
4346,4
12191,3
3523,4
984,1
8921,2
1869,6
10535,7
9690,2
8080,1
4143,4
2102,5
9888,7
14739,1
4854,4
5109,4
12648,3
10233,1
2159,4
11628,2
3942,4
151,1
11555,5
6139,6
8764,6
8274,2
8982,1
8521,3
13167,6
9683,1
7471,5
10426,7
7000,7
13143,6
257,2
1761,7
8077,7
4545,4
4076,4
4835,4
9207,7
7751,6
7643,6
3952,3
15,5
10504,7
8442,3
11236,3
1773,7
12206,5
13859,5
11212,3
15055,3
13216,4
2233,6
10047,7
4994,6
13013,6
5560,6
533,1
7742,5
11883,1
11673,1
8450,5
661,5
4232,4
5450,6
7262,3
5481,4
11415,1
13214,4
13955,7
835,1
14160,5
4012,4
2985,4
14892,6
13883,6
9017,1
8897,5
4203,4
2917,7
5502,3
12310,6
11772,5
8577,6
9315,7
5180,4
5570,3
13274,1
379,2
9789,7
14552,7
4618,4
12376,4
8191,5
14124,5
7913,6
10272,1
6864,3
5634,7
11052,3
539,2
6786,2
13673,6
15116,3
10616,2
6072,3
11429,1
8999,1
9063,7
2796,5
10165,5
4577,4
2083,7
6382,4
5826,6
11387,1
12156,5
11954,3
4504,6
11539,2
13878,3
1757,1
5173,3
9852,7
8265,1
3374,4
6561,1
5865,2
3815,7
12632,5
10330,7
9795,1
13545,3
5819,6
1009,2
8654,5
12402,3
2484,3
12782,4
8988,2
10332,2
12859,4
8800,6
12839,3
13900,5
1303,2
6984,1
3944,4
7577,5
1653,2
4282,6
4385,3
10757,3
15004,6
13543,1
4297,4
8517,1
4944,3
10417,7
6608,5
238,1
5944,4
5474,6
10775,6
4949,4
8241,3
6609,3
4291,4
12819,1
12072,7
7528,6
7724,5
7581,3
12845,4
12481,1
3539,5
9984,7
8090,1
5698,3
12762,3
14649,1
478,2
6054,3
9349,1
9164,7
4707,6
10359,7
11534,2
10210,1
2995,5
14807,7
10668,2
6208,6
3039,3
13800,1
6130,6
10864,3
7267,7
1144,1
1890,6
1339,5
10889,6
575,2
8115,1
5839,5
14104,5
9898,7
12477,4
13053,6
6806,2
5175,4
5561,6
9755,7
84,1
6185,6
11030,3
10548,7
8079,1
983,2
10824,6
14577,7
9960,7
6404,2
7966,5
13540,5
1084,1
7973,1
11946,6
2458,6
9255,7
1560,5
4014,4
10576,2
8563,2
12190,6
2018,5
13353,6
4005,4
12428,4
725,2
11372,2
13474,5
1260,5
3934,4
5608,4
13992,7
15088,3
3547,4
14442,7
6753,3
14534,7
4828,4
7130,1
9939,7
4400,4
2899,5
3931,5
1455,5
7585,7
10365,1
2114,2
9855,1
9377,7
5049,3
8924,7
7150,3
10850,2
1174,5
9088,1
3690,4
7975,7
2214,3
4026,2
14251,1
3482,4
11629,2
9713,7
11340,3
13438,6
14516,7
3189,5
10300,7
1280,5
11020,6
11312,6
4695,4
6878,7
13780,6
5096,3
7900,5
12529,5
1995,2
14214,1
9550,7
12885,4
4593,3
12558,4
2591,2
645,2
7762,7
11426,2
601,2
14480,7
2895,3
5939,6
8194,7
4628,5
6872,5
15068,6
8620,5
6583,1
13505,3
7691,6
1870,3
10903,3
1530,5
1241,5
1579,2
638,5
6353,2
9688,7
13639,3
13011,3
7367,7
4937,4
5778,7
10725,6
9413,7
4426,5
40,5
7127,6
5989,6
7054,3
5528,6
11140,6
12995,6
4630,4
11320,3
4636,4
2153,6
4436,4
14682,1
5277,6
11455,2
4722,3
6288,6
8317,3
2181,4
13647,3
9967,1
10244,1
582,2
1091,2
14198,5
1468,2
193,2
6868,1
9520,1
13477,5
9816,1
14309,7
2378,6
9370,2
7107,3
4775,3
10857,6
2585,5
7401,3
15031,3
346,1
9915,7
4447,4
7026,1
7248,7
14519,7
11855,1
1086,2
4403,4
5571,4
9553,7
12974,6
6982,7
8543,1
12423,4
8516,1
4031,4
11669,2
8243,1
12148,3
11498,1
2138,1
14896,6
14453,1
5464,2
9227,7
10105,2
5620,4
1625,5
295,2
3772,4
10197,7
11489,2
7318,6
11548,5
6305,6
6977,5
13903,5
5590,4
11891,5
13880,3
8682,6
13482,3
7822,1
9102,7
9222,7
4543,4
5746,3
14572,7
4895,3
1415,2
10258,2
4036,4
2514,6
3460,3
14693,7
3082,2
11399,5
6701,5
1068,2
6127,4
5531,2
9972,7
12256,3
6225,6
7217,5
14541,7
9700,1
1276,2
6545,2
2250,4
8664,1
8045,7
3246,4
12468,4
3828,4
9029,1
11664,1
14948,3
7981,7
6976,3
191,1
8137,6
11851,1
11183,3
9261,7
1403,1
3506,4
4627,2
10094,1
9169,1
3516,4
12230,5
43,5
3354,5
9513,7
14414,7
9551,7
2335,6
6767,1
488,1
9557,1
10920,3
2601,4
8260,1
11109,3
4720,3
7820,7
7146,5
9230,7
7638,6
5739,3
5556,1
5853,4
5694,6
6592,1
7123,2
10132,2
4973,4
8359,3
8207,3
2473,5
13638,5
14512,7
13074,6
12368,4
6140,6
339,1
5895,6
7733,2
13183,6
10405,7
10119,1
2787,3
11329,3
7634,2
2053,4
14542,7
6974,5
3834,4
11314,3
2944,3
11538,1
6492,2
9055,7
12253,7
12701,4
12588,4
13489,3
6257,6
6526,1
4684,6
3312,7
12120,5
6530,5
10406,7
5815,6
14655,1
6328,4
3021,3
2422,2
4298,4
9321,1
8484,7
10443,7
11303,3
2169,5
7830,2
7346,5
5688,7
1574,5
14293,7
1594,1
9722,2
2380,6
3861,4
14459,7
6954,3
5206,3
4192,4
9234,7
9446,7
10508,2
8231,5
3620,4
5208,4
1467,2
3488,2
12086,5
7575,6
370,2
1377,1
15015,3
5892,4
12260,2
2271,6
6924,3
11779,5
2071,7
4067,5
1517,1
6275,6
12379,4
14528,7
2829,3
14326,1
3895,4
8018,5
7096,7
14850,2
6728,2
11877,5
1243,5
11364,1
5070,4
6392,6
6785,1
6714,5
4383,3
14401,1
14103,7
2698,3
9845,1
7583,6
10838,3
12758,4
8180,5
5544,6
7241,6
990,1
12158,6
2955,2
8535,3
10560,1
5928,3
1557,1
10028,7
1666,5
2158,3
2465,5
14002,2
5648,3
7092,3
11288,6
3306,4
14802,7
1812,1
11505,2
10595,2
11597,1
9187,7
6888,2
3658,4
6702,5
5947,7
9470,1
13797,3
7073,7
5633,7
8422,5
6237,2
10742,6
1502,5
12309,3
2176,6
2877,5
14468,2
13662,7
1571,1
7472,5
14956,6
14714,2
7122,5
8370,7
4169,3
9750,1
5683,3
7629,2
4943,3
7376,5
1221,5
7812,2
7259,3
6482,2
8734,6
3840,3
3014,2
125,2
1418,2
724,2
10032,5
6033,4
14452,1
1195,2
6079,4
8849,5
3949,4
573,2
11444,1
10947,3
226,2
13571,5
3536,5
12192,4
13664,6
13889,7
12935,4
6959,7
13027,4
2370,5
11840,2
6222,2
13824,3
1663,7
11695,2
7871,7
13375,4
1657,7
13650,2
2309,2
614,5
11125,3
4975,4
10052,1
11432,2
1168,1
9489,7
14265,2
10990,3
8393,7
7546,3
3736,4
789,2
13946,7
7020,3
8987,1
9653,7
6403,2
13233,3
10836,2
6978,5
11989,2
14937,3
12566,4
6723,7
14488,7
3711,3
11319,3
3395,1
4832,4
14924,3
14210,5
11810,5
9666,7
11168,6
11155,6
7236,3
11668,2
13227,4
4616,3
529,2
10161,1
5984,6
2245,6
2863,4
7885,7
13882,7
13796,2
8589,5
5998,7
959,2
4583,3
5848,3
10331,7
14009,5
7865,3
11828,2
2532,3
5700,3
9676,2
1586,2
899,5
11322,3
9333,7
3521,4
13109,6
4172,4
9512,7
7756,5
12131,5
6903,2
91,2
9307,7
4107,6
14114,5
4122,3
553,2
4748,4
12595,4
12963,3
9884,1
239,2
10271,1
6076,6
5553,6
323,1
1479,1
4432,4
353,2
2605,3
9186,7
11421,2
523,2
1107,2
11190,3
3240,3
10975,3
12815,3
14776,7
2931,6
3760,4
1882,6
1352,1
6945,3
10540,7
12478,4
6462,5
2530,6
4305,4
13984,1
14530,7
4140,4
2996,2
8940,1
1531,2
1942,5
13468,5
8663,2
4660,3
3152,4
8888,2
12888,3
10776,6
9863,7
14932,3
5806,7
6304,6
12220,4
13874,7
11234,6
8973,1
9284,1
7649,5
11747,1
2941,3
5564,4
7257,3
7028,5
9582,7
5397,3
5142,4
145,2
2664,5
7665,3
7348,5
3599,3
10476,1
1843,5
1679,7
7219,2
12835,2
12188,5
3857,4
9523,7
2816,5
7363,5
8419,7
11531,2
1099,2
11370,1
9137,1
5083,7
6666,2
2471,5
5823,6
3235,4
7681,6
7618,3
8549,5
1238,1
5219,4
7586,5
12973,6
8139,5
13007,4
1893,2
5425,6
10827,2
1329,2
14844,1
11262,3
4150,4
9828,7
7828,7
1246,1
4124,6
9906,7
3858,4
12525,6
13005,3
13645,2
979,5
2647,4
1253,5
7947,1
6691,3
6085,3
7444,5
1018,1
3044,3
5320,3
1569,1
2588,5
14377,2
5244,7
13822,5
3121,4
5654,6
4104,4
11284,6
8306,7
8686,1
4375,1
2949,3
5408,4
8783,1
13220,3
58,5
1089,2
4555,3
4007,4
4607,4
12559,4
7144,5
10536,7
5968,4
8822,7
12592,4
7418,7
8032,3
11887,1
4875,3
2336,3
4423,5
6329,6
5151,3
7683,6
7492,2
14026,6
11315,3
3356,4
12045,6
10355,1
4028,4
11385,1
12132,5
11206,3
10862,3
1299,2
2239,1
11151,3
2306,5
5007,3
10544,1
15101,3
414,5
14917,6
9566,7
10899,6
4817,4
14760,2
8724,6
13276,4
13160,3
12958,6
6006,4
1990,3
2264,6
13922,7
10154,1
10683,1
383,1
10885,6
12572,3
4314,4
248,2
14461,7
5999,1
4841,3
8310,5
9367,7
2055,3
12391,4
7228,6
6493,5
14828,7
4978,6
10370,1
8772,1
3072,4
800,2
7166,3
5462,7
181,2
2207,5
8225,7
10833,3
7261,3
3038,3
12806,6
4449,4
5432,4
9064,1
1219,5
10783,3
2034,7
10026,1
8242,5
10557,1
15105,3
9224,1
5509,4
10458,7
6829,3
2892,4
2014,3
14822,7
15074,3
14125,5
11590,2
8037,3
13979,6
10236,2
3850,4
5308,4
10016,7
9245,7
581,2
11580,1
9917,1
13866,5
2172,2
9992,7
3017,2
2729,1
7514,2
6646,1
4843,6
9562,7
12726,4
12822,3
7197,7
14397,7
14358,7
12283,5
348,2
1273,5
11894,1
11799,1
9646,7
11022,3
13642,7
6157,6
8916,2
11774,1
6336,4
13199,6
3255,4
14142,1
5976,2
5137,4
3910,4
2555,3
11162,3
3413,3
4393,3
7987,3
14601,7
11873,5
6376,5
10968,3
378,2
12894,4
6881,2
6144,6
7142,1
5095,6
11621,2
5127,4
12138,6
3022,3
12784,4
8479,3
6350,6
501,2
6594,5
10840,6
8223,7
13808,7
5126,3
8918,1
5629,6
14164,1
6399,6
4892,3
6435,2
2805,3
2986,4
13876,5
5123,5
12927,4
12909,4
2974,3
1004,1
6280,4
9139,1
2775,5
5807,7
4013,4
2312,2
33,5
9302,7
261,1
842,2
4930,3
7621,6
3051,3
13566,1
5216,4
13924,7
9998,1
13251,4
13707,7
4819,6
13272,6
7292,6
8266,7
13654,7
13138,3
1365,5
1073,1
5330,6
9485,7
12270,3
883,2
4632,3
10744,6
656,5
5857,6
1140,1
10125,1
14562,7
10752,6
14719,1
6184,3
13725,7
11809,5
6735,5
3084,4
7520,7
234,2
10998,3
51,5
13756,6
6426,5
5261,4
7383,1
227,2
2708,1
5655,6
2125,6
12880,1
4070,4
945,2
2279,5
11197,3
5607,6
4259,6
10400,1
5281,6
10756,2
10488,7
9,5
1833,1
11092,3
8894,1
7687,5
2299,6
13158,1
11462,2
9012,2
6854,3
13432,4
8486,2
9608,7
2315,6
7961,3
11036,3
5817,3
4824,3
9651,1
1644,1
5637,4
8911,5
837,2
9419,2
14943,3
13326,3
7555,5
11376,2
243,1
3040,3
12929,4
1103,2
5420,4
2754,5
7352,3
11266,3
14539,7
4347,4
2496,5
5891,3
13019,4
9518,2
6914,7
13203,7
556,2
9034,1
5275,6
1551,2
14949,3
7711,2
5045,7
11713,2
6668,7
5298,6
3132,4
10513,7
14356,7
1751,7
6967,6
15036,6
12623,4
9244,7
2082,3
12012,7
9225,1
9475,7
622,2
10232,1
2725,6
5444,3
4961,6
1612,5
7507,5
10313,7
10643,2
4858,6
11549,2
14629,7
4996,7
1519,1
2880,5
3280,5
5922,4
1127,2
4483,4
10714,2
5876,6
13084,4
9059,2
9521,7
149,2
6623,3
6452,5
2430,6
4387,4
8109,7
9748,7
4309,3
5413,6
11295,3
3428,4
2827,4
2221,5
2551,6
14208,3
1102,2
1565,5
14638,1
7270,7
12596,4
3880,4
5321,3
310,2
786,2
7083,3
9856,1
4285,4
15104,6
8554,6
13519,2
2893,3
11781,1
916,5
14250,6
10503,1
11494,2
5439,4
14466,7
12640,4
7412,2
4613,6
6442,5
13088,6
10505,1
6944,6
7918,3
14102,7
11754,5
2676,4
1900,5
549,2
13766,7
8263,5
7799,7
4597,4
11296,3
5678,6
6527,5
12108,6
10433,7
141,1
5503,3
7359,7
2476,6
11292,6
4754,4
1753,2
9724,7
6149,6
7599,6
14726,2
4508,6
4559,3
13989,6
8138,3
1591,5
1110,1
13830,7
3010,7
12585,4
10581,2
3698,4
9935,2
1767,5
6686,5
10758,6
10127,1
12590,4
634,2
5370,4
11731,2
11957,5
3181,7
3762,4
8010,7
13120,4
14491,2
9663,7
12801,4
11947,5
5148,3
14900,6
7071,6
12005,6
14791,7
12377,4
7302,3
15090,3
12581,6
1387,1
13633,2
12303,2
2225,6
7491,2
365,2
5940,6
9993,1
11718,1
7517,6
15039,3
11729,2
7960,2
10530,7
5000,2
6081,6
1608,2
4136,3
8322,5
11378,2
13102,3
5572,6
13032,6
14624,7
253,1
14227,1
6424,5
8427,3
5856,6
9389,2
14181,5
9289,7
6511,7
12921,4
10765,6
11156,3
10677,2
8329,7
894,5
14342,2
14380,1
7018,5
11310,3
2525,5
6308,6
8066,2
6970,1
13112,6
3851,6
2924,5
5226,4
11987,3
10810,2
2927,4
465,2
2141,6
10933,6
11717,1
6821,1
5901,6
3211,4
14390,7
5271,3
4071,3
729,2
6074,6
10432,7
7713,5
15003,6
13355,1
7423,5
9492,1
8301,1
4501,6
8875,1
4294,4
8962,1
780,1
6205,3
14495,7
2546,5
1686,5
9460,1
14857,1
4564,6
1344,2
12600,4
12061,4
2302,2
7290,3
3409,3
750,2
13322,4
12494,4
13735,1
12415,3
10579,1
2665,2
8767,1
9591,2
13295,6
12527,7
2111,3
12228,4
1360,1
5923,6
9478,7
7539,5
7826,7
8719,2
8613,5
4054,3
3598,3
4524,1
10983,6
7167,7
4047,4
3213,4
1404,5
10622,1
1915,7
12757,5
9868,7
2580,2
8462,5
461,2
9200,7
6202,4
8113,7
11544,2
2755,2
13292,7
2459,6
5363,4
13354,6
274,2
10437,7
10223,1
8166,6
13530,7
2374,5
6525,7
1433,1
1998,4
7183,5
9198,7
3448,2
5056,4
911,5
15103,3
8228,3
12334,6
4251,3
840,1
7898,5
2695,4
14695,2
12163,5
4867,3
13187,3
1831,2
1499,2
2443,5
2790,3
452,2
7244,1
7651,7
5934,4
14772,2
9953,7
14968,6
11269,3
7664,3
2521,6
47,5
14786,7
9297,1
13145,6
4057,3
13841,7
2769,7
12676,6
14826,1
8819,5
8673,1
14620,7
3173,4
10133,1
6221,1
7474,1
8197,7
4198,3
11211,3
13665,7
8333,3
9274,7
10689,2
583,2
9847,7
5305,4
13550,3
11321,3
1853,1
13560,1
11734,5
12388,6
9522,7
13328,4
9260,7
9964,1
1119,2
3204,4
2595,6
851,1
4017,3
2447,6
8882,1
3380,4
9808,7
2653,4
8388,5
2218,7
10518,7
12281,5
57,5
3707,4
4898,4
9982,1
15097,6
2058,7
4689,4
6133,6
9282,1
2381,6
8041,7
4920,2
1074,2
11124,3
8953,7
939,5
10425,7
9305,7
5233,6
6191,4
6889,1
11477,5
14564,7
14428,7
99,2
12062,3
8986,2
7977,7
9937,7
5366,4
13189,3
11821,5
10517,7
10021,7
1030,2
12207,5
3886,4
5174,4
13208,6
6898,3
2424,3
1931,3
11457,2
585,2
13970,3
7654,7
8226,2
13854,1
7039,1
995,1
1875,5
7804,2
2690,4
4881,4
7461,7
6737,5
8938,2
14792,7
67,5
6264,4
9075,7
2369,5
5798,6
14243,6
6506,2
11017,6
9765,7
9134,1
4175,3
8972,2
14521,2
9463,7
3043,2
4266,5
3449,5
10189,7
1090,2
4664,3
13807,3
11768,5
4939,3
2702,3
6117,4
9944,1
7902,1
11938,2
11160,6
9624,2
3233,3
9701,1
12720,6
8103,3
4342,4
7105,3
9202,1
3932,4
6649,5
2500,6
8522,3
7843,6
8102,3
10134,7
14827,1
559,2
12249,2
13470,5
13495,5
1739,2
5641,4
13508,5
11899,5
4679,3
463,2
10720,6
299,1
119,2
1371,5
11258,3
10814,2
8859,5
6164,6
13387,6
13133,4
13896,7
14085,1
8572,1
4001,4
1300,2
11180,3
9684,2
4284,3
9717,7
6781,6
774,1
12349,3
7255,7
7449,2
12001,3
11374,2
1766,5
12083,2
9250,7
14295,1
4093,4
2540,5
1159,5
14862,2
7171,5
13429,6
9084,7
5630,6
5294,2
14669,2
6147,2
12941,6
13452,2
8901,7
3047,4
8202,3
5004,3
11297,6
2641,5
886,2
5708,7
7684,6
13056,6
12458,3
4106,6
6080,4
3430,4
8880,2
2783,6
10875,3
11745,5
13754,7
5729,6
8116,7
3790,3
1064,2
1794,5
1547,1
11662,1
1287,2
3780,4
6719,3
11113,3
12323,4
3427,4
8290,5
6844,5
3961,4
10281,2
1056,2
4088,4
10193,5
14657,7
6249,1
10479,7
2188,7
2064,6
952,2
7907,7
10623,1
14696,5
3008,3
10241,7
10797,3
11787,1
5405,4
5794,6
8376,2
11152,3
8382,5
4488,4
2216,6
2116,5
9495,7
2168,7
12796,4
5449,4
1595,1
4446,4
13044,3
12737,4
7052,5
13915,7
3006,4
2155,6
2724,6
14621,7
9392,7
6153,4
278,2
5121,7
8878,1
8492,5
347,1
9082,1
10994,3
7395,7
1532,1
7607,5
8863,1
13215,3
9911,7
10362,7
6159,6
12626,4
7788,6
8841,1
8944,1
2903,5
10500,7
14974,3
14365,7
1422,1
13539,5
5932,6
11287,6
14501,7
230,2
10761,6
11574,2
594,2
7402,3
5079,6
1552,2
12766,4
4325,5
2180,4
1907,6
14876,6
12643,4
12226,5
7538,2
5713,3
13209,6
10806,3
11870,5
8900,7
10323,1
8214,2
3511,4
3849,4
1052,2
14848,1
3859,4
11845,2
12515,3
9494,7
4500,4
4945,4
3829,4
4731,4
10906,3
2507,2
11225,3
5614,3
819,2
11601,2
5471,3
8885,2
14493,7
5814,6
13459,3
7181,5
15010,6
9270,7
1691,7
11794,5
12078,5
12693,3
7853,1
6298,2
9561,7
3956,4
13945,7
15072,3
3131,4
9974,1
8867,1
5169,3
3244,4
4288,3
5800,6
13899,6
12537,3
9022,1
4133,4
1705,7
10709,2
8883,1
1534,2
1654,1
4590,4
12908,4
5966,6
12683,3
14115,3
801,2
8245,2
4801,4
9809,7
856,2
5066,4
7101,5
3955,4
1707,5
7057,3
12944,1
9679,7
11880,2
6741,1
4340,3
1667,1
14372,1
11834,5
6587,3
9257,7
10264,7
9643,7
3387,4
12823,4
4810,4
8341,5
7991,7
4359,3
1600,5
7699,7
4127,4
14145,5
2379,3
8495,5
2035,5
3271,3
7927,7
1731,5
110,2
14098,6
4562,6
3552,4
1730,7
8456,2
757,2
7078,3
10661,6
4253,3
6240,6
12707,2
12699,4
2650,4
12521,4
5977,2
1943,5
10750,3
5623,4
13070,3
3653,3
4575,4
8763,5
1279,5
5767,3
11972,6
9455,1
3659,4
1856,5
4102,4
3908,4
884,2
13288,4
10958,6
2063,6
2544,5
6897,3
14253,1
13004,3
13467,5
6083,6
9773,7
290,2
10334,1
3264,4
5880,3
14071,1
12881,2
14330,1
9058,2
4414,6
13269,3
10667,2
9172,7
14415,2
10282,7
7434,2
5115,4
205,1
8789,6
7082,3
4015,4
11169,3
176,1
4105,4
8286,3
11172,6
3330,4
9859,7
7951,7
2425,3
5963,6
5144,4
10912,3
1508,5
1255,1
6289,6
14613,2
3775,6
4581,4
980,2
2266,6
10612,1
2364,3
10844,3
2017,7
2634,6
5776,4
6618,2
14354,1
2444,2
12462,4
12852,3
906,5
7661,6
6444,5
14571,7
2291,4
12824,3
2809,3
211,1
12567,4
7703,5
9768,2
7134,5
10770,3
6108,6
5910,6
1971,2
2564,5
4549,4
3509,4
3060,7
5808,1
11528,2
8452,2
9417,7
7995,7
11711,2
10215,1
13724,7
9238,1
7063,2
4153,4
1462,5
11137,3
8713,5
6707,3
6799,3
2522,5
2391,5
1164,5
5993,6
13136,7
6674,2
14570,2
6045,6
6355,5
6892,2
9193,7
2260,2
988,2
9263,1
2847,3
5094,6
1787,5
220,2
9825,1
6378,5
5771,4
11202,3
190,1
8112,7
11332,3
10509,1
8575,1
685,5
2933,6
7606,5
2486,6
3167,4
7202,5
12583,6
4473,3
8576,2
10795,6
12914,3
12154,5
5284,4
5024,4
4118,1
2010,6
12467,4
8074,1
13787,7
11649,5
10123,7
13640,5
13632,2
13348,6
10782,6
7887,7
7354,1
4796,6
7263,6
7612,2
10972,6
13865,6
14806,7
13165,3
10641,3
2589,5
10565,1
11770,1
8400,1
9938,7
6276,6
1913,7
2434,5
9256,7
9570,7
13930,3
14509,1
8406,3
10774,6
9184,7
3665,4
1719,1
7252,7
4793,3
1295,5
4016,3
10817,3
12007,3
13649,2
7605,1
4771,3
3699,4
4955,7
8612,1
1673,2
9650,2
6862,1
13615,5
3778,6
7530,3
5236,6
9493,7
13838,3
9286,7
12387,5
1618,5
3260,4
14245,1
5574,4
2822,6
2104,6
9605,7
2839,5
12081,1
2316,6
10138,1
2848,3
10578,2
48,5
12263,7
13103,3
9228,7
11042,3
6428,5
4557,3
13612,5
9345,7
9896,2
7280,6
3091,4
6632,5
3150,2
7424,6
4655,4
6295,6
6943,6
8997,1
11136,3
9603,1
2858,2
2025,5
5358,1
4762,2
9190,7
3631,5
11819,5
2351,5
2888,4
14783,7
5881,7
3382,4
11244,6
14874,1
9857,2
12340,4
4714,1
1136,2
7938,1
12779,3
10957,6
4051,4
13171,7
6372,1
15115,3
9568,1
12578,4
2132,3
8467,7
2614,6
3074,4
4154,4
3432,4
13068,4
4009,4
1947,6
6484,2
7091,3
12523,3
4582,4
10519,7
978,5
1023,1
13309,3
14984,6
8028,7
13235,5
9358,7
6414,1
7883,7
14230,5
5190,6
13629,3
2175,6
3102,3
6296,4
9597,1
3744,3
4556,3
2889,4
9146,7
12217,4
10702,1
2527,2
8792,7
2143,6
6550,7
7707,7
6166,4
5603,6
3321,3
6551,1
11541,1
12314,3
4899,4
5489,3
4377,5
1866,5
14747,7
7029,5
1150,1
3867,4
13760,7
10357,7
1959,6
6162,6
14658,7
12849,5
13690,5
9824,1
11449,2
1814,5
14687,7
7819,7
14000,6
4202,4
10329,7
2103,6
3067,4
5844,3
12043,7
5964,6
1789,1
7223,3
11420,2
659,2
11170,6
4161,6
5467,3
8399,2
245,1
12856,3
6135,4
14720,2
9667,7
14882,2
521,1
2276,6
6883,3
13062,6
8148,3
8257,3
13620,1
12748,4
11881,5
4669,6
822,1
13942,7
9800,7
588,2
8349,7
3274,5
13173,1
5031,3
5927,2
5506,4
12042,7
8608,6
684,2
14307,7
14912,3
2432,3
7358,7
12396,3
6291,4
6250,4
4345,4
704,1
6712,1
7056,3
6200,4
3938,4
391,5
8019,5
11737,5
6043,1
8633,5
1713,7
6895,3
6529,5
1116,1
14515,7
11032,6
2572,6
5072,3
7611,7
10114,7
12946,1
4773,6
5440,4
9236,7
8745,6
4528,4
2837,1
14721,1
11005,3
12479,4
2487,6
11709,2
2413,5
2869,6
2741,6
13781,7
12514,4
8736,6
10705,1
11701,2
11084,3
11937,2
14527,2
4341,4
6932,3
13791,7
203,2
8327,7
12949,6
7441,3
10212,1
1929,6
11009,6
636,5
10237,2
12722,6
2152,2
6727,5
6290,3
4128,4
7330,2
12446,3
6936,1
2511,5
7800,7
9644,7
14100,1
7567,6
2406,6
7382,2
13996,7
13652,1
8330,1
24,5
8303,2
14640,2
13357,4
7213,7
3007,3
10256,1
2662,5
13460,4
14113,3
5845,4
13341,3
7216,5
3581,6
6197,1
14226,6
11367,2
5846,6
11286,6
11635,2
4039,3
8656,6
7403,7
4780,4
10456,2
7576,5
10253,1
7476,7
6913,3
10630,1
12809,4
12524,3
10177,2
11780,1
7848,5
8551,3
13245,3
14554,7
10738,6
9555,7
10615,2
4666,6
1152,1
131,2
11513,1
4865,4
225,1
10157,7
2851,3
10981,3
235,2
3500,4
13746,3
13382,6
37,5
6193,6
14119,3
7874,6
10073,7
11065,6
6973,2
3194,3
11054,6
14866,6
11252,6
7978,7
12416,1
8587,5
5120,7
6955,6
7905,7
2000,7
6850,7
464,1
12570,6
11595,2
12257,3
9556,2
7049,5
11200,3
7873,2
1133,2
12065,5
6716,3
13204,6
6694,1
11846,5
9341,1
14225,2
11193,3
5092,3
12395,5
6292,4
7379,3
2736,2
7948,1
8099,2
4489,4
5134,4
5507,3
2377,6
694,5
9177,1
9881,1
6953,5
1316,1
236,2
8278,1
2357,2
6876,3
1042,1
14765,1
8669,5
9733,7
13556,3
386,5
3171,4
8463,3
4141,4
966,5
7945,5
3888,5
4278,4
11677,2
2683,5
13201,7
13363,2
14758,1
10848,3
8817,5
1332,1
8175,6
12143,3
12765,4
2663,5
6391,6
13738,5
2189,5
7200,5
411,1
12655,3
6670,1
4108,6
3157,4
9117,1
13940,2
3208,4
7786,2
7524,5
13600,6
5345,4
12266,5
12304,2
13672,6
11665,1
7306,1
4267,5
7266,7
11057,2
8694,6
14852,1
14350,7
12601,4
4907,4
552,2
430,5
13392,6
5658,7
2649,4
10088,1
817,2
5974,7
13957,7
5355,6
7031,5
14246,1
2633,6
1216,1
4678,3
10410,7
4599,4
4517,5
8915,2
10295,7
10650,5
4209,1
5213,3
10646,2
3326,3
12294,2
14034,5
11525,2
3753,4
8258,3
11605,2
6416,5
11960,1
13986,7
13952,7
13040,6
7042,1
4257,4
1362,5
11981,5
8067,5
6756,1
11501,1
3122,4
11685,2
3399,5
7771,6
7253,7
4134,4
10142,7
11261,3
1383,5
6210,6
6582,1
8558,1
7835,7
10803,3
4142,4
6359,6
11864,1
3466,4
2732,5
2937,2
8454,2
4478,3
12491,4
10829,3
1593,1
7357,7
569,2
2968,3
5257,3
9272,7
705,2
12864,6
2339,3
9430,7
9569,7
8345,7
12557,4
12619,4
13752,1
13342,4
12745,3
9680,7
13324,3
9347,7
1520,5
10273,1
9385,1
14748,1
10945,3
1015,2
14338,1
10343,1
14899,2
13715,3
1456,5
11857,5
3520,4
7179,7
9762,1
14743,7
2963,4
2512,5
1755,5
12219,6
10465,7
8561,5
1256,1
3322,4
1647,5
13273,7
14834,1
10234,7
12123,5
5793,3
14138,5
11571,2
5549,4
803,1
12170,6
70,2
10222,2
4252,3
6165,4
171,2
3584,6
13998,1
3519,4
4427,5
5841,2
14139,5
5199,7
10483,7
12790,6
7003,1
5858,3
14643,2
1807,1
12366,3
3305,4
6419,5
4321,5
736,2
11775,2
12711,3
7560,6
12414,3
3897,4
7949,7
11984,1
2358,3
2922,5
8110,7
2107,6
14853,1
9362,2
11171,3
14634,1
7748,2
5742,6
7086,7
6848,7
5874,3
13823,5
416,1
10068,1
13520,5
10723,6
13584,5
6053,6
13108,3
3759,4
11418,1
4635,6
4101,3
6272,3
3125,4
7230,7
1412,5
1836,5
12547,4
361,2
738,2
5367,3
9322,2
5282,6
10242,2
14341,7
11177,3
2745,4
11582,2
3483,3
8312,3
10045,1
2072,2
7956,1
1578,1
4498,6
8852,1
7903,7
2668,6
13514,2
7350,3
4373,7
1491,2
10012,2
10652,3
5805,7
4380,5
7490,5
247,1
12865,3
2813,6
1198,5
6070,6
7701,5
14800,7
2030,7
6231,6
10911,3
10511,1
12670,4
8234,1
12802,4
891,5
10533,1
14887,2
9427,7
6172,6
13483,5
10022,7
9178,1
2033,7
10199,5
11561,2
7011,6
11808,5
8163,5
3221,1
3725,3
13140,4
10342,1
8213,1
5398,3
3275,5
7450,5
6032,3
9647,7
6749,3
7108,6
11704,2
7345,2
9348,7
8268,7
14702,5
8190,5
9509,7
13587,5
3165,4
11746,2
14454,7
2184,3
5969,6
5139,4
6488,6
4544,4
4204,6
7901,2
9632,2
1894,2
3238,4
4643,3
6504,5
2553,4
9871,7
12110,6
7478,7
14479,7
3656,4
6633,5
13839,6
5703,4
10825,2
3502,3
6640,5
9003,1
7154,1
9061,7
2934,3
7185,3
9866,1
11788,2
6466,5
7882,1
5008,3
14498,7
2803,3
9836,2
3856,3
14038,5
9150,7
14400,7
12076,6
7797,7
7053,5
6910,2
13749,3
1381,5
16,5
3328,4
4086,4
9654,7
2297,6
4129,4
13195,2
3983,4
5222,4
5376,3
4733,4
6877,7
11575,2
9815,7
1214,2
9039,7
12531,4
5159,6
1888,5
15100,6
2581,5
8004,1
15045,3
13562,5
1858,3
12139,3
6606,1
13685,7
14006,7
8809,2
10172,7
13307,6
14068,5
446,2
10719,6
10020,1
3811,6
3202,4
15020,3
13818,7
9296,1
14439,1
14485,7
11741,5
12934,4
4698,4
7553,6
3484,4
8821,1
6167,1
12564,4
13105,4
11434,2
9400,7
3196,3
3842,4
2054,3
11948,7
5293,5
13306,1
9926,1
10552,7
10895,3
623,1
2213,4
13451,6
15071,3
5615,3
10881,6
4089,4
11907,2
1177,5
3141,3
10656,2
14742,1
4171,3
9414,7
1399,5
1204,5
6024,3
7015,1
13904,2
4654,4
4859,1
2534,6
11796,1
14955,3
14271,2
8363,3
7702,5
4352,4
6847,3
3982,4
5843,3
5580,6
1134,2
10935,3
2757,5
6879,7
14188,2
6722,1
423,2
14370,7
1043,2
11725,1
10033,1
12487,4
7614,5
9850,7
13809,5
9299,2
14662,1
9037,7
3377,4
6534,2
13614,5
10532,7
8781,6
8244,7
2891,3
9131,1
395,5
6420,6
4476,6
86,1
8246,2
9454,7
2224,6
2624,4
343,2
14001,5
11146,6
615,5
5722,4
3241,3
7404,1
3911,3
9032,7
8051,5
2973,3
14094,1
1834,1
6503,7
385,5
9182,1
618,2
5490,3
9919,1
133,1
1722,7
11069,6
4390,4
14557,7
11088,6
6203,6
586,2
14580,1
13050,4
13155,6
4957,5
11536,2
10017,7
11450,2
2640,5
848,2
8497,3
14171,7
8027,7
5586,3
11368,2
2147,7
11905,7
7811,5
8338,5
7482,6
5288,7
14757,7
2056,3
3706,4
11396,2
14361,7
4239,4
2667,6
13990,5
5935,3
11753,2
7839,7
11963,5
11917,7
13479,5
5374,4
8273,2
8410,1
9132,1
11686,1
5453,4
2873,6
550,2
6713,5
14500,1
2076,5
4041,4
7796,7
12936,6
1792,5
5026,4
1567,1
2735,2
2987,3
11167,3
8360,3
12518,4
1901,6
11644,5
11722,1
8149,6
8941,1
12046,4
11226,3
5541,4
4732,4
5645,4
13706,1
2656,3
7124,3
7114,5
1423,5
13625,2
8433,5
2824,3
7288,2
11632,5
14746,1
4586,4
7700,1
10940,6
2272,6
5149,3
13834,3
3579,6
264,1
1779,7
4911,6
11012,6
8389,7
772,2
7044,5
7841,2
10736,6
3201,4
11559,2
10285,1
13114,2
1602,5
12096,5
6921,5
1736,7
12150,6
2658,5
8421,5
8660,5
9642,1
5297,6
5834,7
5424,6
9978,5
10753,6
12789,4
11540,2
15056,3
13071,3
13425,6
5524,4
9574,2
11333,3
3178,3
6026,6
5921,6
11583,2
457,2
14148,3
1258,5
1921,3
9876,1
5421,4
12038,7
7089,5
4776,3
14684,5
6354,2
7750,6
3657,4
10718,2
7764,2
2251,3
8585,7
13440,3
5562,6
7969,5
13655,6
7794,7
12332,4
14639,7
1248,5
1645,2
1211,1
14579,1
14945,3
1354,5
3647,4
12098,1
10010,5
13932,5
342,2
268,2
6245,6
3595,5
2421,5
4348,4
13646,5
1331,1
4156,4
4407,4
6344,6
1067,1
13500,5
11241,6
10997,6
3754,3
13544,5
10421,7
13188,4
13141,6
5950,6
7808,1
3617,4
1996,6
509,2
12651,6
2037,6
50,5
14437,7
3713,6
9999,1
12330,2
13230,6
10786,6
9529,7
7997,7
12344,4
13982,2
13410,6
9422,7
8929,1
6908,1
14582,1
180,1
10917,3
39,5
12071,6
12582,6
12345,3
6194,6
66,5
12447,3
13303,3
5527,6
7451,3
5763,6
6096,6
14015,7
445,2
9851,7
2854,5
8691,2
2901,5
1798,1
6047,4
1537,1
3697,4
7869,1
7881,2
5258,4
13626,2
8235,1
9658,2
7861,6
11524,2
6218,6
10472,7
3926,3
4519,5
5520,4
9395,7
7863,5
668,2
8556,5
10594,2
9356,7
13130,4
6039,3
10740,6
2959,3
10375,7
14778,2
14550,7
4402,4
3185,5
11359,5
10728,6
7536,7
11407,2
5455,6
896,2
8185,3
11504,2
2849,3
10675,6
9761,1
5801,6
10196,1
14070,1
11547,2
826,2
4987,4
9712,7
1142,1
3987,4
5916,4
12706,1
1851,1
12214,5
4163,1
5285,6
10686,2
14494,7
6459,2
5497,6
11613,2
7120,2
5221,4
13898,6
11469,2
14553,1
922,5
879,2
1483,2
1124,2
1375,2
10812,3
3465,4
88,2
12804,4
10589,1
1470,5
7620,6
1945,2
8401,5
8501,1
11280,6
144,2
7573,6
5582,6
8814,7
9914,7
4002,4
5379,6
1196,5
14538,2
6156,4
11956,7
10570,2
1286,5
14235,5
13877,6
1867,2
4477,3
11761,1
6040,7
14162,5
4227,3
6793,5
936,2
7332,6
2435,5
11087,6
1805,1
14319,1
12210,4
1045,2
4435,4
739,2
9173,7
9056,1
13751,5
5833,3
11723,2
11757,5
10145,5
1825,3
11490,2
14873,6
4494,4
14268,3
11890,7
2269,3
9500,7
7047,2
3664,4
10931,6
2686,2
8546,5
10477,7
9918,1
9641,2
11239,3
2517,3
13280,6
1832,5
12452,2
7694,6
11447,2
6068,6
5378,4
11572,5
1034,1
6596,2
6809,5
8683,1
5583,7
3154,4
9747,7
8196,7
8579,5
4847,3
11708,2
10184,7
7823,7
7172,5
6926,7
10319,7
4424,5
8939,1
4073,4
5717,4
8961,1
4349,4
14685,7
7307,7
12604,4
12077,7
1167,5
1643,5
14291,5
10923,6
7275,1
12161,5
8843,1
2940,3
12662,4
4409,3
13987,1
10403,1
8216,3
4576,4
5361,3
3614,4
8403,5
11563,2
628,5
2190,2
7070,3
11847,5
7080,5
8933,2
3349,5
832,1
4401,4
12180,6
4149,4
1975,2
282,2
10886,3
13717,2
3629,4
7355,1
12741,5
13404,6
2280,5
7206,3
11560,1
14281,1
11653,5
1333,1
10575,2
4657,3
530,1
11161,6
14705,1
5469,3
8844,7
1457,5
5002,2
1885,1
255,2
12989,6
14228,2
8488,1
318,1
2454,3
138,1
10030,5
3324,3
9466,1
11273,6
7365,3
5981,6
3444,4
13552,2
1066,2
11454,2
7072,7
10538,7
14158,7
5522,6
12574,4
11625,2
7675,7
6665,1
1190,5
12791,4
389,2
5430,4
14581,2
4513,5
7224,3
11802,2
7604,7
14536,2
6204,3
6909,2
6617,2
2491,5
5514,6
13080,4
6031,4
867,1
5906,7
12975,7
11062,6
8614,5
4527,4
8161,7
14568,2
1085,1
1588,2
5691,2
5602,4
6840,7
1327,1
159,2
5005,3
6198,1
3807,4
217,1
12305,3
10587,1
3386,4
14016,3
3801,4
3767,4
13518,3
5227,6
13799,3
2294,6
10049,1
10593,2
13458,6
3845,4
11616,2
13967,7
1760,7
3307,3
806,2
1337,1
13969,7
748,2
11502,2
10499,7
6475,5
11951,5
9440,7
15000,6
12353,4
3692,3
4018,3
13054,3
4491,4
917,5
976,5
876,5
12285,2
3843,4
2831,6
2900,5
2609,3
919,5
11293,6
2376,6
2428,6
9301,1
11721,2
3411,4
8832,5
7747,2
4368,6
1769,2
7646,7
2508,2
4623,6
7563,6
2045,5
9332,7
8786,2
5929,6
8407,3
4697,4
3591,5
3554,4
2984,4
6681,2
429,5
8384,3
3638,5
10819,6
12010,6
3115,4
4300,4
12118,6
12976,1
8224,7
186,1
5259,4
5733,4
3597,3
9239,7
1734,5
12410,4
4468,5
4438,4
7732,2
7636,6
1911,3
864,2
436,5
1310,1
2906,6
8826,7
2057,1
12810,3
10260,7
12848,5
13742,7
10952,3
7793,7
6920,2
5725,4
6180,4
6397,5
14973,6
10618,1
5721,3
7199,2
1486,2
13719,2
2925,4
377,2
14333,7
11926,7
5726,6
6884,3
14419,7
11715,1
4077,4
8001,5
6151,3
619,2
3117,4
2187,6
10090,2
13795,5
3454,5
6843,1
6145,6
6423,1
14096,5
13884,6
2707,3
12671,4
14019,1
5084,1
13442,4
10522,2
2571,6
7568,6
4922,5
12109,4
5842,3
3327,4
8013,2
14470,2
1918,2
9188,1
3995,4
8738,1
12883,4
7928,1
4179,4
12997,6
10811,2
8440,5
6469,6
1715,7
2852,6
11355,2
7588,2
1518,1
5576,6
9875,1
868,2
148,2
8606,5
14524,7
14722,1
4034,4
12295,2
14504,7
2060,5
7899,5
6677,5
13016,3
6706,3
1956,6
1117,1
11479,5
14443,7
9602,7
13835,7
5400,6
4233,4
7066,5
2798,5
5122,5
8279,7
13820,7
11411,2
4946,3
11567,2
12177,5
767,2
1932,3
7299,5
13832,6
8215,2
897,1
865,5
5988,6
12242,3
12124,5
9433,1
14355,1
2841,6
7974,2
6590,1
14237,5
6808,2
13234,7
12397,4
13405,6
1716,5
11473,5
7578,6
1363,1
14431,7
14061,3
7326,7
10900,3
11998,5
1250,2
9291,7
8298,3
7278,3
8466,1
14755,1
5825,6
3172,4
14405,1
5494,4
630,5
7329,7
2744,4
1572,1
1224,5
545,2
8876,5
8710,2
1937,6
5787,6
10606,2
6062,6
4963,6
7059,7
5020,4
10845,3
10701,2
2049,6
7824,7
12836,5
4509,4
10441,7
10150,1
8017,3
12602,3
12279,6
4806,4
7635,5
11186,3
6226,6
10942,3
13701,5
7004,1
526,2
11848,2
6158,6
9071,1
3403,5
12740,3
3724,4
10471,7
7704,1
4918,1
11301,3
6856,7
10993,6
10008,1
14294,1
6066,4
75,2
1711,7
1987,6
8392,7
9320,1
7851,7
4808,6
10109,2
1038,2
3761,3
11800,5
13968,7
9645,2
8752,5
2390,5
2679,6
12291,5
7550,6
9268,1
7557,7
14063,7
1407,5
2449,3
8869,5
1775,5
7087,1
14080,5
6478,3
13741,1
11067,6
13385,6
7669,7
1087,1
2405,6
2098,7
6500,2
3572,4
14274,1
497,2
10079,1
1958,2
14084,5
7349,6
14304,1
4316,4
6,2
9418,7
3057,4
13450,6
5100,4
1813,5
8305,7
11076,3
7168,1
14706,5
4217,4
3101,3
3612,4
8458,5
14040,7
5459,4
11749,5
10381,1
9619,2
13379,4
2531,3
441,1
206,2
9407,7
9799,7
5041,6
2550,6
473,2
6917,1
7655,1
12800,4
6907,3
3978,2
6629,7
13711,7
1319,2
11468,2
5890,6
1764,5
1756,5
10715,6
8672,5
2219,7
14156,5
1662,1
2101,5
8639,1
10121,1
744,2
1816,1
2759,5
6358,6
6769,5
5141,4
12981,3
12275,4
14913,6
6547,1
1889,6
10529,7
5160,6
12897,6
4578,4
3001,3
8365,5
3954,4
4758,6
1113,2
6540,3
2481,6
9474,7
6612,7
13680,5
4464,1
13384,1
12390,3
10600,2
4238,4
9254,7
5768,4
2992,3
2502,3
5076,6
421,5
157,1
13361,3
11164,6
3701,4
14364,1
14065,5
1128,2
13826,3
13336,6
1396,1
12234,6
14817,2
3929,2
1634,1
2238,1
11098,6
408,2
14958,3
14845,1
3316,5
11142,3
9552,7
12916,4
1315,1
1420,5
1539,1
14732,2
12732,4
9609,7
5087,5
6229,4
1631,5
7864,5
12320,3
6648,5
10268,1
5136,4
9196,7
8733,5
9091,7
9213,7
6361,6
1548,5
2771,5
14362,1
14315,1
14174,6
12708,4
14563,7
1809,5
3161,4
8582,1
1160,5
14860,3
8529,7
10634,2
3788,3
14922,6
9203,2
14449,7
11018,6
6894,3
9648,2
1676,5
4061,4
10416,7
5930,6
11758,5
3153,3
6262,6
5268,3
284,1
1014,1
8684,7
1389,5
14759,7
4131,4
6134,6
419,5
485,1
3525,3
10427,7
3248,4
12565,4
163,2
1590,1
5323,3
10731,6
768,1
14074,5
9120,1
8506,7
10545,1
6985,1
10394,7
1035,1
12879,6
474,2
6761,5
7983,6
13179,3
11556,2
9621,1
5554,6
6362,2
1526,2
1838,3
9864,1
9784,7
5869,6
3087,4
2127,3
8426,3
14910,2
13496,6
5461,6
1692,7
15102,6
13131,3
3651,4
14680,5
9135,7
5230,6
14434,2
6520,3
5555,6
3973,6
11189,3
3155,4
2162,4
2910,4
14906,6
11964,3
14745,7
3717,2
10407,7
9709,7
2179,3
183,1
9195,7
7007,5
3070,4
21,5
13995,7
6170,6
6998,7
15070,3
14894,6
11764,1
8120,3
14668,5
10955,3
13061,6
4229,4
7809,1
2105,2
9692,7
13340,1
3120,3
9119,7
2857,5
4718,4
13266,6
2211,6
8496,7
9420,1
5618,3
5385,6
6331,6
3889,5
14003,1
11680,2
9704,7
13017,3
5135,3
14718,7
9191,7
10093,5
8038,3
6805,3
10894,3
13302,6
9486,7
8491,5
14529,7
10463,7
554,2
14290,1
779,2
11120,3
3914,4
11875,1
11349,5
2578,6
6949,7
2753,5
2362,6
13278,6
6579,7
8487,1
10274,7
10991,3
845,2
1304,5
12842,4
10314,7
8571,1
15092,3
10966,6
3232,3
13528,5
6467,5
10967,3
11980,7
10858,3
544,2
5743,3
8065,2
3928,1
10999,3
14192,5
13386,6
9205,7
13983,7
14681,7
4220,6
1503,5
7695,6
14284,1
10676,6
8870,1
8437,1
6380,6
686,2
14821,7
476,2
13712,1
972,5
10075,7
7437,6
12398,4
14059,1
4848,4
7658,5
11207,3
8415,2
4983,6
15048,3
11843,1
12022,7
12484,5
14762,7
6813,2
7806,5
7421,7
312,1
9011,2
1505,1
6639,1
10706,1
843,2
13853,5
1940,7
11357,5
9448,1
3827,4
8309,2
9141,7
12184,3
5686,3
9363,1
327,1
10036,2
12306,4
1723,5
14925,3
1343,2
3176,3
8611,1
13329,6
2205,5
10293,1
13221,3
11752,5
13517,1
11379,1
10954,6
8599,1
3445,4
5791,3
10135,7
4942,3
8089,2
14147,5
12187,5
13953,7
915,5
152,1
13015,4
9382,7
9628,1
6192,6
9527,7
14121,7
8569,7
13812,1
10080,5
213,2
4394,4
8039,2
13602,6
10732,2
14518,7
1051,2
3210,4
11268,3
5511,3
9375,1
12174,5
11023,3
797,2
4822,3
1020,1
12857,4
7734,6
9496,7
12743,4
10453,7
173,2
859,2
13770,5
12278,3
8387,2
14248,5
14835,1
8631,1
9499,7
5587,4
23,5
14825,7
8947,7
560,2
4993,6
913,1
9264,7
2950,6
9361,1
11598,2
9757,7
7625,7
1169,2
12591,4
3546,3
3139,4
6093,6
11179,3
11520,2
3480,4
14425,1
13676,6
6312,6
12507,4
5979,3
14030,7
9428,1
9506,1
11229,3
11317,3
9060,1
6638,1
4906,4
6089,6
12971,4
3499,4
787,1
6580,7
7608,5
9166,7
3901,4
3425,4
4626,1
6552,5
6841,2
4419,4
12738,6
5670,3
9129,1
462,2
13546,7
9174,7
1905,6
6652,5
9891,1
12286,3
287,1
9073,7
799,2
643,5
7787,2
153,2
13829,1
7886,7
12621,4
4049,4
11912,1
7093,3
909,2
13966,2
4738,4
3683,2
8221,1
10799,2
898,5
9383,7
9592,7
6647,1
7503,7
8886,2
1917,5
10263,7
9778,7
11102,3
4767,4
2469,5
8469,1
12603,6
8583,7
7344,1
12239,5
1372,1
14247,2
6088,6
2089,6
3262,4
9325,7
3066,4
6352,1
8056,2
9251,7
277,2
3854,4
7922,7
3163,4
319,1
5816,6
710,2
3558,4
11175,6
13761,7
8118,2
13575,5
6636,5
5493,4
6918,2
11641,5
2797,5
795,1
8573,2
1285,5
507,2
12635,4
4391,3
8371,7
8222,7
9903,1
9069,1
12731,4
841,2
12674,4
1432,5
3298,4
11500,2
6961,5
558,2
358,2
3582,6
13128,3
5356,6
2151,6
2399,5
7504,7
187,1
2748,3
8356,5
2254,6
7758,7
8331,2
10082,5
3936,3
963,2
8936,7
9416,7
13762,7
1480,1
4979,6
2112,7
9092,7
12221,4
1543,2
12500,5
11081,6
7722,6
2161,4
3988,4
10054,1
5168,5
13607,5
14971,6
3977,2
6660,5
14417,7
5785,3
12977,3
812,2
11755,5
1941,5
7569,7
11742,5
2113,7
5187,3
3035,4
10389,1
3896,4
8730,2
2230,6
15018,6
14863,6
10495,7
2012,3
10322,7
6498,1
14081,3
3434,4
6861,1
6115,1
2560,6
10925,3
3727,4
9077,7
11684,1
14029,7
8952,2
9378,7
11807,2
9201,1
4772,6
10065,7
2382,6
5418,6
7656,2
1311,1
7030,5
14435,7
11643,5
9829,1
11091,3
9175,7
3344,3
12979,4
1464,5
3030,3
2930,6
73,2
8086,5
9718,7
11248,6
10324,1
5951,6
6314,4
3626,3
4457,6
3990,3
4645,4
2632,6
11360,5
6018,6
2197,6
2013,4
13475,5
6407,5
6575,2
6790,5
6969,7
6306,3
14773,7
14597,1
10297,7
8472,5
8646,7
5677,6
12451,4
13886,5
1695,7
8871,7
14106,5
11224,3
7708,7
2295,6
10805,3
5088,5
873,2
8861,3
1143,2
5868,4
5612,3
5867,3
156,2
11866,2
2770,7
7046,5
11626,2
13994,7
8976,1
11046,6
11283,3
7226,6
11979,3
11962,6
3182,7
830,2
3948,4
10913,6
2150,2
2333,6
7110,5
10602,1
7777,7
14154,3
4614,6
1514,1
12057,4
12797,4
11645,2
2506,6
9401,1
13933,6
7477,7
1075,1
13356,3
6731,1
13304,6
13783,5
6641,5
698,5
13739,5
2621,4
7497,6
13181,6
5442,4
6255,6
9766,1
3787,3
5364,3
3823,3
12646,4
11853,1
7325,7
8411,2
2785,3
2042,7
1109,2
11627,2
30,5
701,5
8432,1
1622,1
6605,7
4897,4
10854,3
9812,2
7489,5
9617,1
12685,4
6747,5
8152,6
10126,1
6427,5
4008,4
12130,5
14445,2
9586,7
2463,5
10435,7
7760,7
7010,3
1880,2
6788,5
4376,2
3821,3
11182,6
1978,6
12814,4
8047,7
7227,6
2756,5
218,1
3920,4
1626,1
14548,7
10178,2
7409,6
3223,5
8025,7
7531,6
3174,3
1449,1
3951,3
13263,3
10408,1
1954,1
2340,3
14031,5
9752,7
12552,6
9961,7
9790,7
13287,4
10461,1
3353,5
2191,5
515,1
3315,5
10289,1
13790,3
1278,1
6684,1
93,2
11209,3
7159,5
12426,4
1849,2
13150,3
6755,3
8828,1
3813,3
3436,4
11174,6
3195,3
5360,1
14641,7
2192,6
14686,7
10861,3
3401,5
4442,4
2603,3
9708,2
528,2
12039,7
11363,5
8291,1
8760,1
7338,1
3494,3
1106,2
10970,3
6700,5
174,2
2210,6
7924,7
3729,4
3457,4
863,2
11483,5
2021,6
8283,1
4396,4
13997,7
4650,4
6604,7
12669,4
4781,4
3654,4
1772,7
3588,7
14754,1
1476,2
3061,2
3544,5
7502,1
12406,4
5483,3
2450,3
9404,7
201,2
4672,5
5254,3
4849,4
68,1
14404,7
7877,5
1226,5
14676,1
1702,5
14905,6
1841,2
6946,3
13407,4
9156,1
8747,6
14774,7
15064,6
4111,3
13677,1
5232,6
12350,4
14963,3
14261,1
5884,6
4926,3
9996,5
9477,7
13211,7
3041,1
262,1
6415,1
5036,6
4165,4
11021,6
2939,4
1844,1
12464,4
4580,3
5181,4
3681,3
154,2
8128,1
608,5
13213,3
14858,3
7543,7
9369,7
352,1
1040,2
5997,3
1252,5
3037,3
7680,6
5055,3
1235,5
5917,6
14631,1
992,1
2694,4
10629,5
292,2
2375,5
14782,7
5454,6
8651,5
5381,6
4827,4
1516,5
5491,4
3119,3
6939,5
6576,1
11157,3
14486,7
7730,7
3670,4
13499,3
12502,4
13636,1
13395,6
5080,6
475,2
1186,5
14022,7
8446,3
11773,1
13334,6
12311,7
2222,6
12421,4
9673,1
9870,7
12367,4
13097,4
1991,7
12840,4
9365,7
8637,1
7891,7
6581,7
10921,3
8728,7
13521,7
8131,3
6548,7
3450,5
12492,4
12141,6
6795,6
3741,4
13257,4
3376,4
3644,3
1245,5
3433,4
1994,2
1057,2
12858,4
11325,3
14257,6
13927,6
8420,2
8689,5
4398,4
12617,3
6124,6
4072,4
12725,4
6544,5
2026,3
9507,7
1016,2
14185,7
7912,6
3462,4
11519,2
13024,1
14440,7
11863,5
2718,6
3571,4
13856,6
4450,3
10096,1
11791,1
8603,2
14046,2
8095,7
5712,5
12365,3
6811,5
7920,1
5423,6
5349,6
7175,1
4693,4
296,2
1658,5
7674,2
3081,6
4726,3
14406,7
3737,4
11607,2
9538,1
8071,3
12607,3
1379,2
5596,3
9534,7
7140,7
9409,7
13185,7
7021,6
5065,4
12803,4
14169,1
11719,1
14189,5
14378,1
13317,6
14715,1
6653,2
3814,7
9763,7
14089,1
13060,3
1330,5
7361,7
10897,6
11732,2
13910,7
10550,1
9916,1
4475,3
413,5
4834,4
730,5
5177,4
4075,4
2001,7
8434,5
5687,7
11141,3
3183,7
3777,6
7552,3
8063,7
10308,1
5068,4
5416,6
2587,5
14395,1
4948,4
11114,3
5256,3
5693,3
5745,6
14182,5
934,5
13247,7
9488,7
15058,6
2739,6
2704,6
7840,1
13012,3
12471,3
11240,3
4035,4
2709,5
11906,5
2762,6
12594,4
6109,4
5234,6
12998,4
13284,6
10084,2
4541,4
11756,1
13773,1
6874,3
2160,4
4682,4
10977,6
3336,4
8930,7
2482,4
1046,2
6471,2
9702,2
4874,4
695,5
7773,7
6034,4
9047,7
14903,3
7728,7
52,1
13291,6
1697,7
4413,6
13159,3
10525,7
981,2
3848,4
1791,2
7313,5
1266,1
9554,7
9604,1
1957,6
918,1
4338,4
15034,3
1743,5
6084,2
1183,1
8950,7
4087,4
1334,1
881,2
14455,7
13506,1
11324,3
12943,6
2932,6
4850,4
8964,1
13580,5
6893,5
4382,3
6613,7
9869,7
3170,4
1123,1
2038,5
3203,4
4872,3
9112,7
11738,2
5701,4
12996,4
13691,5
11061,6
3510,4
7273,7
55,5
5362,4
14978,6
15059,6
13055,4
14537,2
14475,1
1323,2
8294,7
480,2
3655,4
534,2
2765,3
11305,6
10153,1
804,2
3627,6
12329,6
12798,4
14478,7
8813,1
4197,3
3810,6
8326,7
7852,7
12427,4
14836,2
10852,6
2606,3
6315,6
2329,5
11263,3
9229,7
12812,4
862,5
4976,4
540,2
6069,2
6137,6
14939,3
2734,5
13333,3
2489,5
10478,7
13747,3
10040,1
8431,6
1927,3
9087,7
3297,4
8328,7
5661,3
6962,5
4779,4
3943,4
1485,2
6320,6
13115,3
10345,1
1203,5
12469,5
14626,7
10459,7
13182,6
11094,6
13058,4
1141,1
8358,3
8078,7
964,5
4831,4
1148,1
10721,2
12644,4
9067,7
6947,3
9197,7
8951,1
2499,6
6672,5
6209,6
11343,2
14101,5
13805,5
8361,3
2226,6
6309,6
5327,3
8485,7
7493,7
1694,7
4480,4
10922,6
1837,2
6695,1
2166,7
688,2
3634,5
10208,1
5985,3
3028,3
5918,6
2602,4
8457,2
9853,7
15011,6
7152,7
10986,3
2307,5
662,2
4882,4
11913,7
10887,3
6619,2
12288,3
11526,2
14091,6
7254,7
12437,4
11915,7
6284,6
5526,6
679,2
9336,1
1750,7
784,2
12516,3
8910,1
10687,1
3027,4
1738,7
410,2
10832,3
503,2
15005,6
8408,3
11862,2
3712,3
8721,5
5046,5
13424,2
7432,7
9511,7
2066,6
10743,6
7128,7
1504,1
6971,2
3474,4
11849,1
681,2
7579,3
10771,3
13713,5
9381,7
1443,1
10354,2
4180,4
4408,4
10768,6
892,5
14375,7
14170,7
11235,3
4046,4
12104,6
2027,4
6011,4
3498,4
7862,6
1172,2
2356,6
1527,2
2794,7
14183,1
13254,5
10893,3
10658,3
12142,6
1701,5
12354,3
12991,4
989,1
9035,1
3618,4
7508,2
4799,3
11929,7
3565,4
10494,7
14855,2
6659,5
3892,4
8860,5
8705,6
6687,5
11817,1
14675,7
8868,2
14960,3
4461,6
7957,7
12213,6
11077,6
4381,4
8823,2
14116,7
8903,5
13030,4
482,1
2263,6
7696,3
11759,5
9737,2
9338,1
14392,7
11208,3
9542,7
8818,5
4633,4
8836,1
1115,2
4366,6
13753,7
6901,7
11285,3
4444,4
15062,3
6340,5
9793,2
8732,5
1434,5
5952,6
3799,3
13721,5
4126,4
8540,7
10934,3
5410,3
9081,1
10000,1
12700,4
2637,3
13583,2
3333,4
8173,5
3054,4
8052,5
5280,4
2439,5
1627,1
4360,4
6400,4
2078,6
11085,6
6228,3
2286,6
9980,1
14318,2
14595,1
9127,7
4540,3
6621,3
210,2
7919,7
14211,6
10846,6
5314,4
14122,3
3110,7
4553,4
3945,4
10796,6
8284,5
14082,6
8714,5
5388,7
8704,6
13439,6
5057,6
4674,5
11886,1
4299,4
11624,2
9742,7
10537,7
7385,7
2402,6
11688,1
12302,5
486,1
4550,4
5810,5
12847,2
4659,3
2878,5
14258,2
7399,5
9611,7
13549,1
2960,3
6393,3
4307,3
12015,6
8,5
3199,4
8332,2
5795,3
8626,7
12609,4
2615,6
10204,2
2346,5
2619,4
7169,7
11246,6
1154,2
12386,7
5050,3
6474,2
5202,1
8834,5
1801,2
7,5
15076,3
11517,1
11760,1
8993,1
9396,7
3064,3
9252,7
2185,3
8114,7
6577,7
7245,1
8776,6
5368,3
13123,4
11551,5
1162,5
4234,4
5873,3
8355,5
12978,3
4960,4
12704,3
3871,4
11511,2
12245,5
2195,2
5640,6
4977,3
6779,5
4533,3
3055,4
2613,2
8082,7
1960,3
10024,1
3884,4
5762,3
5438,4
6523,7
11790,1
5508,4
1439,2
10205,7
12656,4
1414,1
8340,5
9344,7
9439,1
10182,5
4157,4
5644,4
15007,6
10326,7
8748,6
4405,4
2109,3
13892,7
9630,7
10813,2
1291,5
1606,1
7673,2
10681,1
12435,4
5359,2
9837,1
1082,1
9862,7
7468,3
4311,3
14465,7
4258,6
13271,6
71,2
13177,6
4988,4
5495,6
8937,2
6750,3
8015,3
954,5
9206,7
13894,7
9814,7
13444,1
12183,6
9310,2
5647,3
8866,1
14991,3
9262,7
2140,6
3615,4
1976,6
2914,3
5201,5
12157,5
4710,6
7572,2
11342,1
14725,1
2616,6
12011,3
11822,1
3263,4
1139,1
6698,5
3758,4
2717,2
11633,2
13079,3
9481,7
8493,5
3438,3
14605,1
3446,4
162,1
13973,7
6142,4
511,2
6624,3
11079,6
3603,4
13319,3
97,2
3365,4
11070,6
2173,2
9368,7
2538,2
12887,4
5422,6
7849,1
8518,1
14373,1
7065,2
5186,3
5152,4
9452,7
11610,1
11919,7
1120,2
9861,7
8084,2
11488,2
7925,7
12037,7
2643,2
1690,7
3875,4
9006,1
8567,6
9068,2
5908,6
7268,7
8693,6
8601,1
85,2
5723,6
8124,3
12907,4
1706,5
2349,5
10085,7
8369,5
1370,5
6058,3
4870,6
7036,6
6564,5
2479,6
2812,6
12338,4
14612,7
11154,6
8607,6
4132,4
8996,1
7178,1
6797,6
11971,6
5744,6
14911,2
8162,5
2830,6
12767,4
9366,7
10636,2
14656,5
2912,3
11144,6
3839,3
5978,3
4319,5
3792,4
14784,7
14039,1
2048,6
8272,2
5111,6
5457,6
12688,6
5938,6
1050,1
11777,1
11255,6
8641,3
14477,7
1556,5
6999,7
2068,4
3831,4
8688,1
2645,6
9772,7
13911,6
10851,3
10434,1
10366,1
14787,2
6050,4
2714,5
13094,6
10248,1
9350,7
5433,6
9218,7
6683,7
8210,7
10823,2
14884,2
4529,3
2039,3
3709,3
1318,5
4033,4
6994,3
6720,3
14555,7
6486,5
14664,5
13021,6
14051,6
2871,6
13390,4
5781,5
13692,6
14462,7
9532,7
7342,7
471,2
13603,6
7985,5
4277,4
6327,4
199,2
14073,1
9764,7
9844,1
11836,5
6689,5
11205,3
985,1
8615,5
4329,3
14980,3
13504,1
7767,6
288,1
5545,6
9142,7
5033,4
8780,2
4069,4
6437,2
13455,2
13034,6
9390,2
3652,4
1977,6
315,1
328,1
10100,7
1039,2
8667,5
14163,5
11600,2
13548,5
9194,1
12381,4
4235,4
13331,6
5784,3
2079,2
8470,1
9031,1
8181,1
9686,1
6905,5
13350,6
7637,6
5854,6
7774,7
9275,7
8754,6
3632,5
4639,3
2373,5
4186,4
8316,3
10013,1
3404,3
901,2
4272,5
4921,2
9483,2
5757,3
9601,7
12413,3
9629,7
11969,3
10965,6
2243,6
291,2
8555,6
8133,3
1049,2
12498,2
3393,7
12166,5
11356,5
14931,3
150,2
14881,2
2567,5
3567,4
5889,6
10207,7
12378,4
8510,5
2651,4
12238,5
10183,1
4913,7
3371,4
12910,3
9335,1
9334,7
9536,7
6628,7
228,2
3113,5
3838,3
7314,5
1729,7
6102,4
6387,1
10279,1
15023,6
192,2
10074,7
6455,6
7566,3
12433,5
5557,1
8628,7
4388,4
8519,5
8105,6
11562,1
14831,1
9086,7
12052,3
13239,4
12358,4
8625,7
6253,6
10348,7
9954,1
1740,2
8043,7
10048,7
12171,4
6071,6
6752,3
9354,7
3805,4
14851,2
2040,4
4761,7
2636,3
6055,6
12289,3
14589,1
12308,4
3209,4
7954,7
3414,3
6337,4
4764,2
2844,3
3791,4
1923,3
5600,4
35,5
14329,2
2485,6
3518,4
1482,2
1217,2
7452,6
2330,5
1247,5
3099,4
12342,1
10992,3
1817,2
11230,3
8726,1
14522,1
5393,2
8634,1
10561,1
7598,6
827,1
12642,4
5695,4
7221,3
2408,6
1961,1
2288,6
11811,5
15094,6
590,5
3830,4
4763,2
2400,2
13010,6
8751,5
6904,5
10202,7
4522,5
8459,7
10203,2
9179,2
3144,7
752,2
7196,2
10772,6
6122,6
1231,2
10773,6
3366,4
5326,3
13135,6
3137,4
11058,6
691,2
6772,6
2646,3
11148,6
7391,2
1637,5
5484,3
1669,2
3023,3
11896,7
8806,7
1892,3
5302,4
11884,2
14583,2
7837,7
12363,3
13810,2
6591,1
9925,7
12579,4
13351,4
3610,4
8539,5
6417,5
10655,3
12863,3
6224,4
5505,4
2654,6
9065,1
13554,5
9107,7
14545,7
5023,4
6470,1
14286,1
5530,1
10076,7
11933,5
7791,5
3757,3
4569,5
9116,1
2304,5
2461,5
5689,2
711,5
14263,1
8594,3
7381,3
4536,4
13244,6
8565,6
3611,4
9019,2
10269,1
2334,6
6003,6
9983,7
6553,5
14875,2
12805,6
11903,5
4303,4
7439,3
11527,2
3616,4
4617,3
4482,4
4786,4
10179,7
241,2
11431,2
699,5
7250,7
8335,5
4589,4
5953,3
11330,3
4121,4
13249,4
10356,1
3288,4
10577,2
3190,5
900,5
14152,1
8445,3
12831,3
1840,2
719,2
13819,7
427,5
893,5
13681,3
912,1
14717,1
807,2
4719,3
4853,6
12058,1
13398,1
7587,5
6480,1
1681,7
10340,7
732,2
6562,1
3418,4
11925,7
696,5
6662,3
10789,6
5217,4
6751,3
7231,7
4696,4
9480,1
10745,2
6616,5
8134,3
9826,2
13042,7
8313,3
821,2
5547,6
2885,3
4495,4
114,2
6830,7
15035,6
4602,4
12111,6
3390,4
9033,1
7996,7
9327,7
12668,3
4956,2
3252,4
3806,4
11514,2
3143,3
2244,6
14799,7
775,2
13772,3
2835,7
5777,6
3325,3
4283,6
10039,1
5053,3
3287,4
5140,4
10849,3
10948,3
7147,5
7243,3
10653,3
8205,7
5153,6
431,1
3555,4
334,2
9094,1
12418,3
1868,2
4965,3
10762,6
5664,6
14916,2
6622,3
551,2
14573,1
960,5
13941,5
10386,2
9670,1
12412,4
8281,7
1442,1
1651,5
1391,5
13343,4
4903,6
10396,7
10291,7
13104,6
1161,5
4959,3
955,2
12017,5
4223,4
3679,4
9243,7
4276,4
12145,5
14756,1
4765,5
8794,6
7191,3
4103,6
12587,4
2549,6
1623,5
8568,7
14636,7
11290,3
8201,2
4668,6
2719,4
5437,4
2566,5
1703,7
7274,7
14197,1
2347,5
518,2
11674,1
9070,2
8893,1
12339,4
994,2
7715,6
7426,3
11365,5
6154,4
2543,5
14558,7
9391,7
3606,3
3904,4
5336,4
2720,4
12431,7
4514,5
9730,2
14191,6
689,5
5797,6
13436,6
5098,3
4032,4
8564,3
11868,5
11672,1
8992,1
4499,3
11419,2
3218,3
5458,6
14520,7
3958,4
13872,7
8481,6
415,1
5499,6
3441,4
6267,6
9951,7
1785,5
1650,2
1197,5
8262,5
8130,2
4317,7
6891,1
7416,7
13767,2
5973,3
8557,1
11448,1
14301,1
412,5
9544,7
14254,2
7850,7
12639,4
4573,5
3234,4
8323,5
303,2
2867,3
5887,3
9438,1
4205,6
8428,3
10927,3
2341,6
5769,6
5205,3
1233,5
7554,7
14750,1
10173,7
4320,5
5546,6
731,2
12026,7
10907,3
14218,6
12546,4
14035,5
12134,5
7513,1
7102,5
3317,5
3863,4
9788,7
6930,3
2397,5
5812,3
9941,7
8757,1
10415,7
10815,3
13232,3
4010,4
13349,6
9441,7
1028,1
561,2
9443,7
7384,7
6611,2
10964,6
8636,1
8277,1
5866,3
14865,1
13401,1
4361,4
7717,6
5900,6
5225,3
2834,7
1210,5
6524,7
7692,6
13591,1
6036,6
12466,4
7067,5
3906,4
9176,7
8727,7
7410,6
2727,5
13845,7
5015,3
5651,4
6938,5
8111,7
307,2
4507,6
12442,4
14933,6
9387,1
270,2
8854,5
13210,6
10690,2
10158,1
2036,6
10239,1
13569,7
9185,7
10962,3
3339,4
12243,3
9468,1
11988,3
12208,6
11654,2
8050,6
3940,4
13282,3
7016,5
13608,2
2236,7
14591,2
10004,7
791,2
7921,7
8515,6
9036,2
11482,5
13399,2
8658,6
12016,1
10512,7
1737,7
9258,7
11966,5
2966,3
6732,1
9471,7
1523,5
11218,3
8083,7
13118,3
1860,7
7526,2
13121,4
2915,3
2319,3
417,1
8289,5
9705,7
742,2
4406,4
12333,3
263,2
4908,6
12938,4
14982,3
10830,6
1545,5
13524,2
25,5
690,2
3435,4
13001,1
2494,5
2270,4
13875,6
8453,1
14088,3
7725,5
10716,6
2389,5
6692,3
6776,5
14221,6
13743,5
12474,4
11050,6
7941,5
8189,6
1488,5
1709,5
13240,3
12755,2
759,2
3358,3
11412,1
6487,5
602,5
12899,6
12164,6
13919,3
11700,1
12736,6
14259,1
7204,3
1693,7
10632,5
6282,4
7041,2
7857,7
10081,5
12033,7
9154,1
12322,4
14549,7
7590,7
536,2
13448,6
13416,4
6294,6
8622,1
6060,6
6443,5
2622,4
5911,6
4262,1
5991,4
6051,6
4417,4
9807,7
4914,7
4885,4
9364,7
12606,5
10909,3
13072,6
4226,4
6220,4
7483,3
12048,3
219,1
10044,1
9373,7
6015,6
232,1
2167,7
10987,6
3352,5
8302,2
5632,7
9751,1
5592,4
7182,5
6207,4
3648,4
746,2
12878,6
10608,7
12235,6
9716,2
3415,3
9531,1
4523,2
8598,7
2991,6
4455,4
14988,3
4443,4
7370,7
7784,5
11487,2
2073,5
7025,1
437,5
12932,6
12313,5
2,5
13166,4
5110,3
4717,4
5543,6
13493,2
11047,6
3485,4
3402,5
5409,3
3609,4
7189,3
6697,1
1633,5
2267,3
12209,4
2246,6
905,2
2015,3
14730,1
2429,6
2519,6
10592,2
4995,6
10490,7
6792,5
1474,1
8304,5
8073,5
402,2
1263,5
4825,3
8448,5
1546,1
1689,1
3624,4
8892,2
11850,2
2569,5
11577,2
4185,4
7249,7
14194,7
12679,4
10870,3
670,1
8288,1
9849,1
4194,4
4199,4
2825,3
8412,5
196,2
8909,2
14236,1
6334,6
15065,6
13723,3
14027,5
7094,3
1031,2
1835,5
3543,5
2926,4
2972,3
5082,6
546,2
2115,5
3560,4
13599,5
13144,6
9841,7
8801,6
4271,5
6873,2
9025,2
5758,2
11657,2
3364,4
6988,2
12172,6
406,5
7284,7
12548,4
14161,5
6100,4
1696,7
872,2
9066,7
5920,6
7860,6
14915,2
14942,3
8259,1
12068,2
11130,3
1007,2
2235,6
3826,4
3739,4
11416,2
5706,6
14409,7
1575,5
5448,3
242,2
4365,4
9880,1
11289,6
6746,5
1013,1
8802,6
5154,4
6234,4
6679,3
10041,5
11294,3
14901,2
940,2
11546,2
2028,3
3491,5
13426,4
13082,4
10266,7
11033,6
10694,2
5365,4
14062,2
15057,3
8574,1
10118,5
12133,5
1178,5
7098,2
8899,2
4798,6
6206,3
8416,1
2612,2
5759,5
10091,7
8264,5
6388,5
14231,6
13415,4
2868,3
10194,5
818,2
14269,1
362,2
7644,7
7040,1
7650,1
547,2
13290,6
12549,4
8700,1
6356,1
9170,7
13265,6
12687,3
6375,5
11203,3
4144,4
350,1
4610,3
12756,5
7613,5
10304,1
14735,1
4313,6
12,2
451,2
1328,2
118,1
8785,7
4964,3
8932,2
855,1
7541,5
4538,4
721,2
1980,3
15089,3
14713,1
2002,7
466,2
5129,3
13113,6
2807,3
10229,2
3492,5
10144,1
10283,7
12615,6
7246,7
14202,1
14854,2
13501,3
11588,2
2368,5
6155,4
8385,3
5766,6
10099,7
14310,1
3905,4
7309,7
4512,5
7068,5
6395,1
10543,1
349,2
4295,4
10159,5
9905,7
11515,2
874,2
14120,5
3304,4
14920,3
5189,4
9698,7
13855,3
12506,4
9118,1
7914,5
14024,5
11778,1
14964,6
12694,4
14140,6
1466,1
10974,3
13656,6
683,2
9044,1
5542,6
5296,4
4954,6
13988,7
597,2
2326,5
2952,7
10818,6
10924,3
12197,5
3997,3
9616,2
12246,6
31,5
3553,4
316,2
7657,5
8812,2
6136,2
9924,7
1865,5
14596,1
3816,1
12162,5
9235,7
2212,4
14005,7
6501,3
7562,5
13228,4
4925,4
6064,6
3876,4
4279,4
14394,7
15087,3
1966,2
532,2
794,1
11223,3
4060,6
13125,3
9144,2
571,2
4711,6
1512,1
9909,2
11681,1
1810,5
7496,2
12153,5
115,2
4969,4
667,1
13332,4
306,1
2699,3
4242,4
11694,2
3784,5
7408,5
1408,5
10949,6
1829,1
6783,1
14413,7
6858,7
9549,7
12146,5
12808,4
18,5
6899,7
3015,2
6465,5
9158,7
12023,5
11728,5
3118,3
1429,2
13736,7
484,2
11191,3
6637,1
3786,3
3247,4
11400,1
12983,7
14109,1
1156,5
2696,4
1101,2
3527,3
2774,5
12169,5
7721,6
5301,3
12179,3
9276,7
11893,5
9719,7
3738,4
12093,3
10843,3
2059,2
2967,3
6453,5
6409,6
4970,4
1680,7
14150,5
6381,6
3730,4
13168,6
6020,6
2149,2
13352,6
12833,6
7678,5
4759,7
13202,7
1733,5
13523,3
11105,3
1350,1
857,1
5987,3
10534,7
12543,4
7294,1
5765,4
9721,2
9111,7
9614,7
8645,2
6513,5
11199,3
14578,7
8643,6
790,1
11735,5
12488,4
4062,6
2905,1
12225,5
283,2
13481,6
3718,4
8030,7
10376,2
13366,6
9758,7
10751,6
1950,7
8775,6
15086,3
5622,3
2075,5
9384,7
8057,1
1955,2
13860,5
2020,6
8354,5
11516,2
1320,2
8650,5
14599,1
7663,6
9573,7
3673,4
2701,3
2721,3
12114,3
4552,4
5162,6
7994,7
3508,4
3802,4
5659,7
9779,1
6866,3
11122,3
13815,5
13435,5
6132,6
10335,1
5625,6
3197,4
6429,2
2208,2
5569,3
7929,6
6313,4
3789,3
10055,7
14223,2
6831,1
13197,4
12493,3
418,1
1225,5
5059,4
6385,2
8797,1
6321,6
4066,2
3529,4
1207,2
14584,7
924,2
8662,2
1906,6
850,2
14012,7
5116,6
9547,2
10527,1
12240,2
11274,3
4287,3
2217,7
11417,2
14336,1
1032,2
250,2
3732,4
1903,6
369,1
4286,4
2956,2
10287,7
1850,3
6859,1
4246,4
12992,4
11220,3
13921,2
943,5
4416,4
14704,5
8061,7
6445,6
9671,1
5283,6
6964,3
10746,2
14979,6
7024,1
2448,3
9997,5
5681,6
11040,6
4176,3
13564,3
8777,6
14824,7
10139,1
13951,7
10116,1
4459,6
7193,3
10419,1
60,5
5699,3
10586,2
4439,4
13801,7
103,2
3303,4
781,2
10869,3
2716,2
3686,2
4608,4
1342,5
11977,6
14893,6
4813,3
11771,5
4099,4
1037,1
7043,5
14690,1
2136,5
4887,4
13091,4
5463,2
4084,4
7617,6
10856,6
8768,1
4741,4
5,5
14708,1
11569,5
4356,3
6048,3
3538,5
12362,4
7373,7
8119,2
13374,3
13006,4
802,1
3283,3
4807,4
1451,5
10395,2
14412,7
1529,5
8545,2
12866,4
4924,1
12922,3
12269,4
8954,1
13486,1
1166,1
1193,5
3691,3
2752,3
1249,5
10673,6
10284,1
7002,2
11986,6
6496,1
11304,3
9811,1
2257,5
10571,1
11306,6
6398,5
14044,6
11518,2
5030,3
14069,7
4138,4
3564,4
14057,2
13338,1
5827,6
1453,1
14546,7
1700,5
8396,7
997,1
2145,3
10219,1
1533,1
1277,1
3226,5
14037,7
13041,7
9040,7
8526,1
8098,7
4787,4
7291,6
8550,7
14607,1
14175,6
930,5
10781,6
7844,6
1607,1
481,2
15119,3
3416,4
8146,1
6199,2
447,2
4888,4
13803,5
13420,6
3574,4
9813,2
1274,2
3093,4
15106,6
7425,3
13526,5
6602,2
13785,1
8742,5
13224,3
9613,7
5228,3
1213,2
6718,3
8006,7
14809,7
4492,4
8192,1
10801,3
13813,7
12182,6
6010,6
8271,3
11950,2
11279,3
6007,3
11000,6
10559,7
4395,4
5396,3
499,2
12438,4
7631,7
13178,3
2777,2
10107,1
12328,6
14014,7
13116,3
13821,5
13069,3
2855,1
9979,2
10060,5
9085,7
2945,4
7984,5
7276,1
3392,7
9266,7
2080,6
10599,2
8155,1
10841,6
12854,3
4096,4
10220,1
3222,5
12186,5
1431,2
11068,6
7647,7
15009,6
3272,2
5886,4
2535,6
2134,7
568,2
12088,5
2648,4
7755,2
14727,7
2715,5
9634,1
10627,2
7417,7
1024,1
7779,7
1597,5
2617,6
5679,4
1494,1
4190,4
3641,4
12417,5
9623,2
3604,4
8862,3
933,5
13912,3
2427,3
14196,6
749,1
12987,4
11798,1
10439,2
454,2
2133,7
2426,4
3068,4
6436,1
12965,4
2890,3
7962,3
1522,1
3447,7
10156,7
14399,7
3308,3
1368,2
15037,3
6248,6
14996,3
1220,5
286,2
11578,2
12754,6
15117,3
10792,2
1394,5
13793,7
7989,2
6303,6
9456,7
1149,1
11872,1
14340,7
15026,6
14606,7
4866,4
9749,2
5249,5
5487,6
8831,2
12827,4
6508,3
65,5
1823,2
10480,7
9588,7
13513,5
6690,5
2062,6
12753,4
2860,3
9465,7
3111,1
10902,6
8451,7
1620,5
5513,6
5171,4
11275,6
9895,1
13660,5
172,1
6373,1
12054,5
3242,4
13472,1
3770,4
3957,4
3766,4
3891,3
3458,4
4588,4
2241,5
11010,3
3398,5
11604,1
10828,3
10735,2
13423,1
4560,4
14576,7
13594,2
6078,6
10928,6
1768,2
3585,4
8464,1
11243,6
9461,1
14398,7
11422,2
12966,4
5563,4
3689,3
142,2
5300,3
5515,4
9971,7
6532,2
14335,7
11955,6
5616,6
11221,6
11566,5
5666,4
4315,6
14694,7
7192,6
3439,3
6995,3
7814,7
1599,5
8795,1
8153,6
5372,4
8956,1
12517,3
6631,2
4422,1
10176,1
5915,3
9292,7
3355,4
11104,3
8069,6
10280,2
12031,3
14661,1
11496,2
8621,5
9429,7
14234,2
728,2
12893,4
11247,6
2148,5
1108,2
10778,6
7594,6
5860,7
3937,4
2999,3
11270,3
12149,3
1938,6
4339,4
10794,3
3408,3
12727,4
13222,3
12678,7
4896,3
5373,4
7188,3
12666,4
563,2
11678,1
96,1
13298,1
4558,4
7780,7
8507,7
14043,5
1621,5
9892,2
10730,3
2146,7
5893,6
5274,6
11115,3
12954,4
4829,4
15001,3
9780,7
5341,4
12450,4
4214,2
10428,2
5837,7
4818,3
4080,4
9665,1
11194,3
11328,3
6777,5
1997,6
5164,7
7324,7
7719,6
5851,4
6966,3
8749,2
649,5
2872,6
5099,3
14886,2
6341,4
7265,6
2592,2
1397,5
9664,7
1077,2
9539,1
8981,1
4460,6
778,2
14050,5
204,1
2627,4
7390,5
3678,6
12763,4
3134,4
1006,1
105,2
10069,1
12127,6
13774,7
991,2
9010,1
8851,1
5426,6
5451,6
637,5
2324,2
8438,1
4539,3
7271,7
6371,4
13086,6
4350,4
12067,5
13039,6
6301,4
5849,3
2673,4
11128,3
10296,7
14833,1
727,2
14864,6
5788,6
4097,4
2067,3
6394,3
5972,3
1583,5
12931,6
10259,1
3075,4
11028,3
10436,7
4053,4
10043,5
12637,4
12972,4
9008,1
6615,1
4932,4
9214,7
13727,5
10070,1
2488,3
9969,7
2706,3
11716,1
8439,5
14278,5
6413,6
8478,3
13373,4
12553,7
8674,1
12825,4
5039,4
14457,1
15017,6
8681,6
4201,4
10311,1
7833,6
6333,6
5836,7
1465,1
10555,1
8842,1
10009,2
600,2
14105,5
12664,4
650,5
4760,1
9774,1
14048,2
1638,5
7362,5
14837,2
4744,3
3168,4
14450,7
10866,3
10393,7
5172,3
8731,1
12476,4
384,2
4642,3
12584,4
1501,1
7807,6
9735,1
13700,2
9451,2
11300,3
2415,5
13871,6
6536,5
1294,5
3545,3
8156,5
15016,2
14149,3
3256,4
12035,7
14292,2
4280,4
9820,7
5238,6
2282,5
2278,5
272,2
814,2
11824,5
2773,5
3243,4
735,2
5636,2
3429,4
13296,6
13671,5
9873,7
8250,5
12299,6
8769,1
13369,6
14076,2
13586,5
3004,4
1267,2
10898,6
10129,5
5516,4
13937,6
1935,2
4358,3
2265,6
5478,4
14767,7
9899,7
12089,5
12715,4
10169,7
4537,4
6201,4
4716,5
1289,2
14938,3
8350,1
10896,3
1076,2
743,5
13788,2
11860,1
6715,5
5262,4
3569,4
6671,1
6990,3
8366,5
2420,5
11264,6
9947,5
3236,4
13285,6
7690,5
2383,6
212,2
4725,3
15112,6
2395,5
9675,7
4980,6
7926,7
12346,3
3114,5
6330,6
2767,3
907,2
9277,7
13881,7
11982,6
13389,6
12224,6
12953,4
647,2
13857,7
13720,3
13555,3
914,1
12512,3
6563,1
11470,2
8804,1
194,1
793,2
11331,3
8840,2
10648,5
12254,5
8238,3
13806,3
9160,1
3907,4
8280,7
1745,5
2204,1
4587,4
7939,7
2528,2
9537,7
2359,3
14496,7
7904,7
12407,4
12341,3
13768,7
1553,1
5325,3
1506,5
11876,2
6956,6
11008,3
10501,7
9753,7
1999,3
1585,1
11369,2
13225,6
8661,2
11952,5
986,2
13577,3
14207,3
14738,1
11918,1
14723,1
4363,6
13383,6
11619,1
13628,3
10816,3
5093,3
5533,3
1017,2
1699,1
10301,7
4905,6
4989,4
11453,2
13553,5
6789,5
13985,7
1536,5
7726,1
136,2
3621,4
5414,6
4919,1
8144,7
10860,3
5650,4
13163,4
109,1
12097,5
7798,7
577,2
716,2
9491,2
10879,3
15099,3
11782,1
1540,2
10162,7
15033,3
11034,3
167,2
6273,4
7930,6
6384,1
2126,6
3667,4
1062,1
10969,6
5734,3
3290,4
11083,3
5404,4
10882,6
8839,5
13542,3
2811,6
1674,7
3541,5
14159,1
5452,6
5315,6
2763,3
6476,5
14614,7
5338,4
8160,7
12599,4
10106,2
7836,5
669,2
5078,6
1351,2
5818,3
2593,2
3331,4
2921,5
9668,7
8081,7
15028,3
2565,5
11233,3
4170,4
14660,7
10764,6
2575,4
6141,4
10111,7
3514,4
4078,4
10299,7
5646,3
9678,7
5738,1
2046,5
3566,4
9308,7
9242,1
2791,3
6215,6
1281,5
8035,5
12211,4
8715,6
1497,1
11924,5
15041,3
4168,4
2919,5
4343,4
7842,6
14666,2
5905,7
10404,1
12519,4
1296,2
11983,3
7992,7
12985,5
11395,2
11481,2
8321,5
13686,5
2859,6
12956,6
1012,1
13193,6
14928,3
2081,4
10470,7
1879,5
1185,5
12904,5
10626,2
12846,1
631,2
6171,6
14411,7
10980,3
14092,1
12959,6
1459,5
10136,7
10693,1
10611,7
12343,2
9114,7
6028,6
11126,3
8230,2
9497,7
13126,6
11423,2
3277,5
1447,5
10469,2
5862,7
13083,4
13709,6
10961,6
12654,5
8913,5
4219,4
3098,4
13617,2
1854,1
5649,3
7626,7
3156,4
12003,3
5589,6
5402,4
5318,6
12561,3
14588,7
13890,7
10310,7
13534,1
9240,7
10095,1
12511,5
9083,7
3925,6
14926,3
1710,1
10785,6
8311,5
6566,5
2896,3
10605,7
9901,7
1421,2
12510,5
59,5
12774,5
3695,4
472,1
11535,2
5446,6
5081,6
14540,2
1411,2
11726,1
7757,7
9469,2
14157,5
1314,1
11568,2
9502,1
8968,1
9682,1
6603,7
10468,7
14904,6
10397,7
1145,2
7398,1
8436,5
11390,2
3740,4
570,1
5606,6
4119,4
12746,4
9599,1
1492,5
12196,2
4022,4
6421,6
14306,1
14407,7
5755,6
11904,1
567,1
15113,6
6366,1
9028,1
10784,2
10930,3
8898,1
2301,5
7062,2
11089,6
12659,3
8774,2
8597,5
7509,7
7866,1
13833,6
1047,2
3535,5
5822,6
469,1
12990,4
1445,5
10305,1
8709,1
7033,5
5936,6
366,2
14736,2
3045,3
3107,3
13045,4
10563,2
6569,2
2630,3
5804,6
12785,4
9043,7
442,2
4466,5
9472,7
2240,5
2009,2
12069,3
12051,4
4706,6
3688,5
617,2
5811,3
13581,1
10206,5
14766,7
1811,5
14646,1
11031,3
6454,5
10160,1
11059,6
9467,2
4837,4
1952,3
1446,5
9946,2
12955,3
3836,3
3323,4
4029,4
3927,1
9669,7
12695,3
9842,7
12770,3
11508,1
14648,7
6441,5
9458,1
14079,5
7915,5
1105,1
7670,1
5904,6
10649,5
13792,7
11403,2
3504,4
14041,7
1390,5
5731,6
5051,4
10524,1
7143,1
3685,5
12532,4
1471,5
8441,5
15078,3
9858,7
11035,3
3105,3
4304,4
4857,6
5933,3
1111,2
6485,5
8397,7
4196,3
13270,4
1369,5
9148,7
1490,1
11812,1
5861,7
6351,6
6837,3
13965,2
4745,4
996,1
13376,4
8127,7
6817,3
8559,7
2682,5
11460,2
9625,2
7133,2
5337,4
13644,3
6812,5
2929,3
409,2
11024,3
2411,5
1804,2
12456,4
2833,7
3085,4
11495,2
5888,4
8957,2
4997,7
12355,3
1562,1
9720,7
12049,4
11267,3
3903,4
9548,1
5191,6
6937,5
7745,7
5575,4
354,2
12424,4
13368,4
11831,1
3313,1
12967,4
8537,2
4120,4
5214,4
456,2
11667,2
709,2
1498,2
2726,5
14859,1
13862,7
1406,5
4890,3
14436,7
11949,5
8060,7
8117,2
14744,2
1059,1
8129,2
9386,7
14489,7
5435,4
5835,7
9920,5
13861,2
3592,5
3151,4
12117,6
9699,7
4247,4
869,5
8187,6
5724,3
6625,3
14816,7
6869,1
3733,4
680,2
11689,1
12542,4
5674,6
6807,2
3451,5
5813,6
1240,1
13409,3
1475,5
3269,3
7174,6
4487,4
4884,4
4839,3
4322,5
7103,2
2348,5
14352,7
639,2
11618,2
10163,7
3742,3
923,2
10120,2
6900,7
8873,5
14146,5
10018,1
2954,5
10760,2
2231,6
8678,5
4531,3
11436,2
12826,4
12569,3
4950,6
3703,4
2095,7
9097,7
10614,1
10703,1
1698,1
9294,7
7516,3
7872,2
7639,3
54,5
9459,2
6396,1
5021,4
2256,5
5517,6
10112,7
13151,4
13938,6
7126,3
8503,1
8746,6
7272,7
7609,7
355,2
13327,6
2220,5
7203,5
10278,1
9298,1
13963,7
1899,5
10276,1
6952,1
5299,6
401,2
8815,1
9514,7
14308,1
11393,2
14438,1
9952,7
13621,1
9181,2
6538,2
11852,5
12115,6
13588,3
8845,7
10644,3
7486,7
7772,7
2409,5
3417,4
13431,2
3426,4
12945,2
8942,2
7980,7
4505,4
14729,2
5525,4
707,5
2006,5
1078,2
12422,4
12777,3
6009,4
11493,2
14878,3
9449,2
2478,6
14843,1
10192,1
11251,6
11260,6
3046,4
2100,1
9900,7
2810,6
5224,3
14898,6
2524,5
3824,3
7494,7
14023,2
14909,6
4164,5
7308,7
9973,1
7958,2
2410,5
1367,1
4454,4
3580,4
11135,3
13905,6
4182,4
249,2
11553,2
12351,4
12460,4
1781,7
1336,1
8905,1
13259,6
14728,7
810,2
3593,5
8917,1
502,2
5512,6
6094,6
13947,2
6041,7
12950,6
2942,4
1069,2
5696,4
1577,1
15050,3
3803,4
7632,7
9192,7
3837,3
8619,5
7371,7
5419,6
3747,6
1200,5
4845,6
9090,7
2209,2
10027,5
10700,2
4782,4
13657,7
14780,7
7208,3
1010,2
1788,7
1413,1
10277,2
7591,2
7729,7
4784,4
1386,5
7525,2
12673,3
4225,4
9464,7
5118,6
1640,2
7933,5
12675,4
12337,3
14804,7
3496,3
5329,6
6113,6
13469,5
3986,4
2625,4
4933,4
6643,3
1440,5
6827,3
11143,6
10037,7
8375,7
2845,3
12627,4
5792,3
14698,7
12948,4
1424,5
14967,3
12589,4
3146,2
2255,6
13958,7
5871,6
12189,2
2970,6
2993,3
12724,3
1758,7
12993,4
4554,4
359,2
12100,2
10265,1
14386,1
9122,7
2980,3
8856,1
14367,7
11350,5
8121,6
483,2
3394,7
1724,5
8904,1
10072,7
7792,5
4663,3
2817,5
6963,2
12649,4
3583,6
13991,3
4620,6
11543,2
3556,4
12794,3
5627,6
422,1
5672,3
2961,3
6121,6
8960,1
754,2
6986,1
8865,1
12383,4
12255,2
5735,7
13362,6
3916,4
2879,5
1405,1
2897,6
11589,2
14066,2
858,1
8233,5
3918,4
7448,1
3112,1
6281,1
5247,2
12055,2
9696,2
14456,7
4680,3
6814,2
13344,6
13325,3
2652,4
4469,5
5170,3
11512,1
3694,4
11702,2
11344,5
9247,7
2975,3
11533,1
7048,2
12818,1
14317,1
9715,7
7671,5
10143,7
198,2
6886,7
14045,6
673,2
3490,2
2576,4
10497,7
9423,7
14556,2
3230,5
12889,3
14064,7
3180,3
3893,3
2843,3
14275,2
11351,5
12159,6
616,5
7360,7
6834,5
7164,6
14972,6
3549,4
8787,5
13533,3
9723,1
9986,7
8048,2
854,2
4011,4
479,1
12733,3
14918,3
5377,3
10185,7
11222,3
8811,6
7917,3
1325,2
10787,3
8808,1
2795,5
7218,5
9098,7
3406,3
9072,1
5538,4
12641,3
14239,1
2325,5
5143,4
7967,5
11763,5
332,1
3563,4
13090,7
11832,5
3675,4
11406,2
14511,2
591,2
1489,2
8342,5
8094,7
5960,6
1802,5
11671,1
3096,4
13085,4
6818,7
5061,4
4490,4
517,2
7037,6
3034,4
14279,5
8092,1
14970,6
7515,3
8085,5
5270,3
7911,3
6627,1
7979,7
13579,5
5752,6
3372,4
2751,6
947,1
14025,7
5749,6
10659,2
4785,4
4789,4
1306,1
4386,6
9153,2
12923,3
7372,7
4063,4
8698,1
8666,5
14779,7
5436,4
62,2
8560,1
3142,3
324,1
4929,3
14761,7
1908,3
12300,5
935,5
7884,7
9217,7
2416,5
12964,3
12714,4
8782,6
6663,2
3513,4
4687,4
14153,7
9337,1
722,2
5235,6
12563,4
14832,1
1992,5
13238,6
7870,7
8696,1
12103,3
14934,6
8759,2
5479,4
12090,5
8204,2
8846,2
2808,3
13077,1
11967,7
13802,7
10227,2
20,5
14819,7
4293,4
10475,1
4230,4
12144,5
6846,3
4418,6
6263,1
3722,4
6406,5
6743,5
15032,6
9832,7
11646,5
14994,3
9444,7
9890,7
4326,3
9249,7
11056,6
2371,5
11941,5
2070,7
4676,3
12905,4
1861,7
9457,1
11003,3
11476,2
1191,5
944,2
7790,6
4323,5
1558,5
3872,3
4114,1
12495,4
10531,7
6709,1
146,2
11118,3
9922,1
4515,5
8881,5
5085,1
1063,1
9143,2
8766,1
6819,1
6717,3
6374,1
2541,5
87,2
3607,4
3053,4
6125,6
3476,4
10680,6
289,2
8670,6
13315,4
1301,5
5955,4
10790,3
5384,4
6736,5
7896,6
13388,6
11856,1
10474,7
999,1
8509,5
6810,5
4024,6
6001,3
9128,7
9589,1
5389,7
8850,5
9703,1
14131,5
6703,5
11257,6
839,2
10936,3
5601,4
6402,1
2542,5
4962,6
14890,6
7438,6
2907,3
11696,1
3002,3
9306,7
8498,5
4370,6
11648,2
9290,7
12319,3
4155,4
3562,4
9897,2
4206,3
782,2
14575,7
9638,1
6360,6
8285,3
15047,3
13961,7
15049,3
8141,1
15038,3
3868,4
10679,2
10122,7
9759,1
2019,2
5870,6
14416,7
3363,4
11801,1
962,2
8659,5
3032,3
14385,7
7481,6
7737,6
11769,5
8796,1
9462,1
14921,2
15080,3
4634,4
4917,1
2749,6
13346,4
8490,5
6780,2
6464,5
14944,3
8531,1
13606,1
12461,4
8425,5
390,5
3522,4
8629,1
7465,6
8198,7
13897,5
10353,1
7548,6
14733,7
10350,7
3083,3
584,2
13198,3
2883,5
3059,3
5380,4
11882,5
6588,7
1720,7
11238,6
7235,3
13372,3
4740,4
4667,6
14366,7
7518,6
6507,2
13708,2
7749,5
1619,1
7131,2
7177,1
4,2
14818,7
2772,5
5086,7
8499,3
11,5
10255,1
10950,6
1427,5
6277,6
10245,7
11389,2
10666,6
9281,1
13509,5
8525,1
4647,4
4570,5
10087,1
161,1
8652,5
3200,4
7965,6
8977,1
13316,3
12201,2
12550,4
8699,7
6432,6
2962,4
6570,1
14289,5
13170,1
10186,7
7744,5
6131,6
7510,7
9241,7
12534,4
1093,2
3650,4
15063,6
6680,2
2558,6
10307,7
2237,7
9987,1
3453,5
9435,7
10029,1
12318,5
836,2
9694,2
14610,1
12025,7
11743,5
4855,4
6027,6
8847,5
14724,7
6160,6
4840,3
8975,1
252,1
9955,1
6533,3
13909,5
2453,4
7879,7
3109,3
392,5
4661,4
1878,5
8512,5
783,1
1175,1
4591,4
2737,6
10558,7
10217,7
2440,5
11609,2
3693,4
11932,7
9211,1
1437,1
178,2
4147,4
1613,5
12024,2
13776,5
12084,3
7718,3
1981,3
8592,3
3818,5
7145,5
2693,4
4651,4
14383,7
8220,5
7561,5
1215,5
14983,3
8049,3
7500,6
12775,4
12403,3
2948,3
1223,2
387,5
11766,1
6268,6
12713,3
4506,6
1452,5
9877,2
4458,4
337,1
5264,4
9273,7
13286,3
10996,3
6710,2
11394,2
11573,2
14535,7
2923,5
14447,7
13465,6
12241,2
9913,7
5428,5
12009,1
3289,4
13811,2
14357,1
1288,5
1988,6
9767,1
4038,4
8959,1
5470,3
9152,1
3817,2
72,2
10631,1
3950,3
4378,5
5431,4
8362,3
12136,5
6252,6
12776,4
13229,6
7817,7
9535,7
1896,6
11897,5
98,2
7988,1
10240,7
1184,2
2417,5
3773,4
12658,4
7785,5
5017,3
11776,5
12638,4
13697,3
9421,1
9776,7
1094,1
11231,3
8195,1
6573,7
317,2
9886,7
8325,7
1771,7
10859,3
9687,7
3980,4
9860,7
300,1
10378,7
7932,5
3229,6
13694,6
4713,1
7972,1
4974,4
1060,1
8046,7
10246,1
15022,3
7831,3
3542,5
870,5
12652,4
2232,6
7470,1
14752,2
8896,1
6514,2
1129,1
13525,7
3296,4
4511,2
14823,1
4308,3
14232,6
14299,7
11078,6
13411,6
2723,3
9839,1
941,2
6143,6
7752,6
2452,3
13277,4
9271,7
6300,6
9328,7
8239,3
6052,6
14883,6
14264,1
4876,4
2902,5
14700,5
7415,7
8989,2
8874,2
15021,3
11184,3
8548,5
2568,5
12496,3
937,5
8544,5
9147,7
5830,6
13704,6
9652,2
4802,4
6696,1
7781,2
9208,7
5178,4
3136,4
12064,7
426,5
745,1
687,1
5060,3
678,5
4336,4
6870,1
7165,6
13157,7
3463,4
9912,7
13748,3
5332,3
5551,6
8534,5
13078,5
13663,5
14532,7
5333,4
14764,2
11587,1
1450,5
2681,3
3723,4
5018,3
7574,6
13180,4
459,2
13226,6
6370,4
5052,4
925,2
14476,7
13837,2
3391,4
6483,1
13464,6
4671,2
3175,3
4816,3
9388,1
9267,1
6450,1
2124,6
4397,4
14763,1
8240,3
7433,2
13169,6
3844,4
9746,7
13037,6
83,1
7630,7
3464,4
3069,4
11366,2
11015,3
3012,1
1033,1
13567,5
13428,2
8740,2
5598,6
1573,2
871,2
3318,5
14165,1
6567,2
331,2
6448,1
11797,1
3090,4
13008,4
10638,2
3812,3
1714,7
3188,5
5025,4
8324,2
2610,5
1138,2
9741,1
5198,7
11073,6
890,2
10941,3
13976,7
13106,4
11254,3
494,2
7258,3
11486,2
4166,4
7659,6
10554,1
5715,6
4207,4
12787,4
3765,4
9728,7
8368,5
982,2
13310,7
4923,5
6549,7
3719,4
10695,6
9447,7
4228,3
2011,6
1796,1
11337,3
765,2
4991,6
1601,5
3341,4
7847,5
3,2
8979,1
675,1
8756,6
12871,4
9991,5
8236,3
2804,3
4335,4
428,5
4811,2
4301,4
7685,3
653,1
14846,1
671,2
11313,3
14593,1
8887,1
11348,5
9216,7
2182,4
5354,6
6571,2
14737,1
5237,6
9571,7
260,2
2308,5
10078,7
3714,6
6816,3
9879,7
2997,2
13417,6
14090,2
7195,1
164,2
14111,3
11100,3
5680,4
265,2
3930,5
11557,2
8578,6
3774,3
8424,5
2337,4
5231,4
6319,4
702,2
2051,5
9319,1
3962,4
15111,6
5248,5
2384,6
7429,7
1887,1
12807,6
9639,1
2274,6
11507,2
1027,1
10336,7
11001,6
9287,7
5009,3
8925,1
6642,3
7963,6
965,5
13728,5
8372,7
12682,4
2433,5
5559,7
4474,4
6832,5
106,2
2472,5
1000,1
13561,7
12212,6
4585,3
14768,1
10270,2
7430,7
5599,6
7648,5
10937,3
6116,4
13453,1
8908,1
5540,6
1603,5
1158,5
11959,6
7014,1
13771,1
2674,4
1053,2
14332,1
7319,6
1763,7
1297,1
4572,5
10971,3
6091,3
8097,7
5322,3
69,2
12420,4
2043,7
2864,3
6742,7
10520,1
1661,2
12021,7
11121,3
1549,5
6509,2
6655,3
7666,7
12030,4
3350,5
9020,7
9168,7
3628,6
11452,1
77,2
3846,4
1561,1
5709,7
6256,6
6101,4
10092,7
13485,6
7601,7
15029,3
11195,3
15096,6
12411,4
10141,7
5352,6
9921,1
9293,7
14403,7
12681,4
10250,7
11602,1
10104,5
8209,5
4715,5
11027,6
9503,1
4794,4
2118,5
14143,5
13611,5
1909,3
6241,6
3329,4
14951,3
847,1
2782,6
13153,6
6401,1
301,2
11973,3
7269,7
10733,6
2728,5
7428,6
903,5
12147,5
4971,4
10831,3
2300,6
8690,5
10303,2
13147,1
7523,5
2404,4
5350,4
7234,5
356,2
14838,2
5995,6
1080,2
229,1
6182,2
861,5
12886,4
4641,4
3503,4
15002,6
3669,4
5145,4
4332,4
8003,3
11392,2
6095,4
9540,7
13703,6
298,1
11939,2
13980,1
10963,3
13950,3
2495,5
13176,6
13009,4
2965,4
4059,6
7556,7
2881,5
5872,6
4953,4
6014,6
12454,5
1936,5
5067,4
13117,4
11510,2
13427,2
8184,2
12119,6
12029,3
7411,1
2815,5
7320,6
13939,2
3921,4
13913,6
973,5
6495,6
420,5
11430,2
8604,2
11655,2
2259,2
14803,7
5006,4
8984,1
9510,7
2498,5
6584,2
5790,3
9840,7
8096,7
14688,7
658,5
6128,4
525,2
2198,3
13777,1
5040,6
4467,5
5753,6
3532,4
11093,3
5133,6
1704,7
4600,4
4484,4
10367,1
7148,5
2865,3
1312,1
7296,7
697,2
14707,5
10842,6
10339,1
7333,6
4191,4
41,1
10025,1
4456,6
6258,6
2983,4
4551,4
8171,2
14384,7
2156,6
7463,3
6556,1
13515,2
13200,3
14617,7
1770,7
11974,5
7937,3
14134,5
682,2
5197,6
4734,4
2886,3
6661,5
703,1
1826,3
10798,3
13522,3
1398,5
4749,4
1290,5
6310,6
12101,6
9303,7
7121,5
4095,4
12273,5
3135,4
11793,5
2480,6
8722,2
10402,1
7194,6
11145,3
4151,4
10890,3
5485,3
4083,4
4510,1
11475,1
938,5
12939,4
12702,4
755,2
12940,4
11614,2
12371,1
5957,3
712,5
8838,2
4178,3
13488,2
1946,6
565,1
8533,5
13765,3
14995,3
747,2
7653,7
4752,6
14790,2
14950,3
9163,7
7662,6
6825,5
12665,4
10642,3
9330,7
14353,1
4878,4
8618,3
13733,3
6724,2
13879,3
4723,4
1948,6
7008,3
1126,1
1349,1
12229,5
11767,1
8793,1
1799,7
3471,4
15109,3
5412,4
14503,7
10710,1
9231,7
4880,4
1269,5
4265,5
11878,1
1324,2
4218,4
8971,1
7495,2
4534,6
8206,3
10506,7
932,2
9957,5
13358,6
14962,3
11074,6
8447,3
6992,5
4273,5
3530,6
2562,1
7596,3
9803,7
4615,3
4055,3
8275,1
14348,7
12014,1
8998,2
12539,4
5975,1
8334,5
11699,2
2911,4
6097,6
10447,7
